Name,description,timestamp,begin,end,altitudeMode,tessellate,extrude,visibility,drawOrder,icon,Type,Key,City,Store_Phone,Operating_Hours,Service_Phone,Service_Hours,Address,Shop_Icon,Service_Icon,Handicapped_icon,Delivery,lat,lng,Zip_Code,notification
松山Citylink門市,Type: RS<br>Key: citylink<br>City: 台北市<br>Store Phone: 0981-885-000<br>Operating Hours: 週一至週日 11:30 - 20:30<br>Service Phone: --<br>Service Hours: --<br>Address: 台北市松山區市民大道六段131號<br>Shop Icon: 1<br>Service Icon: 0<br>Handicapped icon: 1<br>Delivery: 0<br>lat: 25.049624<br>lng: 121.579231<br>Zip Code: 10566<br>notification: ,,,,,"-1","0","-1",,,RS,citylink,台北市,0981-885-000,週一至週日 11:30 - 20:30,--,--,台北市松山區市民大道六段131號,"1.0","0.0","1.0","0.0","25.049624","121.579231","10566.0",
土城裕民門市,Type: RS<br>Key: tucheng<br>City: 新北市<br>Store Phone: 0938-982-008<br>Operating Hours: 週一至週日 12:00 - 21:00<br>Service Phone: --<br>Service Hours: --<br>Address: 新北市土城區裕民路178號<br>Shop Icon: 1<br>Service Icon: 0<br>Handicapped icon: 1<br>Delivery: 0<br>lat: 24.985498<br>lng: 121.452618<br>Zip Code: 23662<br>notification: ,,,,,"-1","0","-1",,,RS,tucheng,新北市,0938-982-008,週一至週日 12:00 - 21:00,--,--,新北市土城區裕民路178號,"1.0","0.0","1.0","0.0","24.985498","121.452618","23662.0",
新莊幸福門市,Type: RS<br>Key: xinzhuang<br>City: 新北市<br>Store Phone: 0938-983-355<br>Operating Hours: 週一至週日 12:00 - 21:00<br>Service Phone: --<br>Service Hours: --<br>Address: 新北市新莊區幸福路728號<br>Shop Icon: 1<br>Service Icon: 0<br>Handicapped icon: 1<br>Delivery: 0<br>lat: 25.0493191<br>lng: 121.4466685<br>Zip Code: 24248<br>notification: ,,,,,"-1","0","-1",,,RS,xinzhuang,新北市,0938-983-355,週一至週日 12:00 - 21:00,--,--,新北市新莊區幸福路728號,"1.0","0.0","1.0","0.0","25.0493191","121.4466685","24248.0",
桃園中正門市,Type: RS<br>Key: taoyuan<br>City: 桃園市<br>Store Phone: 0938-970-001<br>Operating Hours: 週一至週日 12:00 - 21:00<br>Service Phone: --<br>Service Hours: --<br>Address: 桃園市桃園區中正路50號<br>Shop Icon: 1<br>Service Icon: 0<br>Handicapped icon: 1<br>Delivery: 0<br>lat: 24.991212<br>lng: 121.312888<br>Zip Code: 33041<br>notification: ,,,,,"-1","0","-1",,,RS,taoyuan,桃園市,0938-970-001,週一至週日 12:00 - 21:00,--,--,桃園市桃園區中正路50號,"1.0","0.0","1.0","0.0","24.991212","121.312888","33041.0",
台中三民門市,Type: RS<br>Key: taichung-sanmin<br>City: 台中市<br>Store Phone: 0938-935-560<br>Operating Hours: 週一至週日 12:00 - 21:00<br>Service Phone: --<br>Service Hours: --<br>Address: 台中市北區三民路三段146號<br>Shop Icon: 1<br>Service Icon: 0<br>Handicapped icon: 1<br>Delivery: 0<br>lat: 24.151306<br>lng: 120.684927<br>Zip Code: 40445<br>notification: ,,,,,"-1","0","-1",,,RS,taichung-sanmin,台中市,0938-935-560,週一至週日 12:00 - 21:00,--,--,台中市北區三民路三段146號,"1.0","0.0","1.0","0.0","24.151306","120.684927","40445.0",
永康中華門市,Type: RS<br>Key: yongkang-zhonghua<br>City: 台南市<br>Store Phone: 0981-163-668<br>Operating Hours: 週一至週日 12:00 - 21:00<br>Service Phone: --<br>Service Hours: --<br>Address: 台南市永康區中華路140號<br>Shop Icon: 1<br>Service Icon: 0<br>Handicapped icon: 1<br>Delivery: 0<br>lat: 23.003016<br>lng: 120.235488<br>Zip Code: 71069<br>notification: ,,,,,"-1","0","-1",,,RS,yongkang-zhonghua,台南市,0981-163-668,週一至週日 12:00 - 21:00,--,--,台南市永康區中華路140號,"1.0","0.0","1.0","0.0","23.003016","120.235488","71069.0",
高雄中山門市,Type: RS<br>Key: kaohsiung<br>City: 高雄市<br>Store Phone: 0981-079-333<br>Operating Hours: 週一至週日 12:00 - 21:00<br>Service Phone: --<br>Service Hours: --<br>Address: 高雄市新興區中山一路2號<br>Shop Icon: 1<br>Service Icon: 0<br>Handicapped icon: 1<br>Delivery: 0<br>lat: 22.6241974<br>lng: 120.3012478<br>Zip Code: 80054<br>notification: ,,,,,"-1","0","-1",,,RS,kaohsiung,高雄市,0981-079-333,週一至週日 12:00 - 21:00,--,--,高雄市新興區中山一路2號,"1.0","0.0","1.0","0.0","22.6241974","120.3012478","80054.0",
內湖Citylink門市,Type: RS<br>Key: nh-citylink<br>City: 台北市<br>Store Phone: 0981-111-665<br>Operating Hours: 週一至週日 12:00 - 19:00<br>Service Phone: --<br>Service Hours: --<br>Address: 台北市內湖區成功路四段188號<br>Shop Icon: 1<br>Service Icon: 0<br>Handicapped icon: 1<br>Delivery: 0<br>lat: 25.084031<br>lng: 121.594264<br>Zip Code: 11489<br>notification: ,,,,,"-1","0","-1",,,RS,nh-citylink,台北市,0981-111-665,週一至週日 12:00 - 19:00,--,--,台北市內湖區成功路四段188號,"1.0","0.0","1.0","0.0","25.084031","121.594264","11489.0",
豐原中正門市,Type: RS<br>Key: tc-fy<br>City: 台中市<br>Store Phone: 0981-165-556<br>Operating Hours: 週一至週日 12:00 - 21:00<br>Service Phone: --<br>Service Hours: --<br>Address: 台中市豐原區中正路38號<br>Shop Icon: 1<br>Service Icon: 0<br>Handicapped icon: 1<br>Delivery: 0<br>lat: 24.253551<br>lng: 120.721852<br>Zip Code: 42056<br>notification: ,,,,,"-1","0","-1",,,RS,tc-fy,台中市,0981-165-556,週一至週日 12:00 - 21:00,--,--,台中市豐原區中正路38號,"1.0","0.0","1.0","0.0","24.253551","120.721852","42056.0",
竹東長春服務中心,Type: GSC<br>Key: cd-xx<br>City: 新竹縣<br>Store Phone: --<br>Operating Hours: --<br>Service Phone: 03-511-0878<br>Service Hours: 週二至週日 12:00 - 21:00 週一公休<br>Address: 新竹縣竹東鎮長春路一段280號<br>Shop Icon: 0<br>Service Icon: 1<br>Handicapped icon: 0<br>Delivery: 0<br>lat: 24.736103<br>lng: 121.089395<br>Zip Code: 31047<br>notification: ,,,,,"-1","0","-1",,,GSC,cd-xx,新竹縣,--,--,03-511-0878,週二至週日 12:00 - 21:00 週一公休,新竹縣竹東鎮長春路一段280號,"0.0","1.0","0.0","0.0","24.736103","121.089395","31047.0",
汐止大同服務中心,Type: GSC<br>Key: XZ<br>City: 新北市<br>Store Phone: --<br>Operating Hours: --<br>Service Phone: 02-2641-0009<br>Service Hours: 週一至週日 12:00 - 21:00<br>Address: 新北市汐止區大同路二段290號<br>Shop Icon: 0<br>Service Icon: 1<br>Handicapped icon: 0<br>Delivery: 0<br>lat: 25.066591<br>lng: 121.655076<br>Zip Code: 22184<br>notification: ,,,,,"-1","0","-1",,,GSC,XZ,新北市,--,--,02-2641-0009,週一至週日 12:00 - 21:00,新北市汐止區大同路二段290號,"0.0","1.0","0.0","0.0","25.066591","121.655076","22184.0",
楊梅騏轟服務中心,Type: GSC<br>Key: ym<br>City: 桃園市<br>Store Phone: --<br>Operating Hours: --<br>Service Phone: 03-482-8887<br>Service Hours: 週一至週六 10:00 - 21:00 週日10:00 - 18:30<br>Address: 桃園市楊梅區中山北路二段294號<br>Shop Icon: 0<br>Service Icon: 1<br>Handicapped icon: 0<br>Delivery: 0<br>lat: 24.911261<br>lng: 121.174083<br>Zip Code: 32659<br>notification: ,,,,,"-1","0","-1",,,GSC,ym,桃園市,--,--,03-482-8887,週一至週六 10:00 - 21:00 週日10:00 - 18:30,桃園市楊梅區中山北路二段294號,"0.0","1.0","0.0","0.0","24.911261","121.174083","32659.0",
中和中原服務中心,Type: GSC<br>Key: zh<br>City: 新北市<br>Store Phone: --<br>Operating Hours: --<br>Service Phone: 02-2244-2996<br>Service Hours: 週一至週日 09:00 - 21:00<br>Address: 新北市中和區中原街6號<br>Shop Icon: 0<br>Service Icon: 1<br>Handicapped icon: 0<br>Delivery: 0<br>lat: 25.007936<br>lng: 121.49109<br>Zip Code: 23556<br>notification: ,,,,,"-1","0","-1",,,GSC,zh,新北市,--,--,02-2244-2996,週一至週日 09:00 - 21:00,新北市中和區中原街6號,"0.0","1.0","0.0","0.0","25.007936","121.49109","23556.0",
三民鼎強服務中心,Type: GSC<br>Key: sm<br>City: 高雄市<br>Store Phone: --<br>Operating Hours: --<br>Service Phone: 07-359-5028<br>Service Hours: 週一至週日 12:00 - 21:00<br>Address: 高雄市三民區鼎中里鼎強街95之1號<br>Shop Icon: 0<br>Service Icon: 1<br>Handicapped icon: 0<br>Delivery: 0<br>lat: 22.665515<br>lng: 120.320886<br>Zip Code: 80788<br>notification: ,,,,,"-1","0","-1",,,GSC,sm,高雄市,--,--,07-359-5028,週一至週日 12:00 - 21:00,高雄市三民區鼎中里鼎強街95之1號,"0.0","1.0","0.0","0.0","22.665515","120.320886","80788.0",
信義松仁服務中心,Type: GSC<br>Key: xysr<br>City: 台北市<br>Store Phone: --<br>Operating Hours: --<br>Service Phone: 0988-112-430<br>Service Hours: 週一至週日 12:00 - 21:00<br>Address: 台北市信義區松仁路174號<br>Shop Icon: 0<br>Service Icon: 1<br>Handicapped icon: 0<br>Delivery: 0<br>lat: 25.028092<br>lng: 121.568228<br>Zip Code: 11058<br>notification: 感謝您對Gogoro的支持與愛戴，本店營業時間因故調整：08/01（日）店休一天。雙十國慶連續假期本店營業時間調整：10/09（六）至 10/11（一）店休三天。如造成您的不便，敬請見諒。感謝您的配合！,,,,,"-1","0","-1",,,GSC,xysr,台北市,--,--,0988-112-430,週一至週日 12:00 - 21:00,台北市信義區松仁路174號,"0.0","1.0","0.0","0.0","25.028092","121.568228","11058.0",感謝您對Gogoro的支持與愛戴，本店營業時間因故調整：08/01（日）店休一天。雙十國慶連續假期本店營業時間調整：10/09（六）至 10/11（一）店休三天。如造成您的不便，敬請見諒。感謝您的配合！
北屯文心服務中心,Type: GSC<br>Key: btwx<br>City: 台中市<br>Store Phone: --<br>Operating Hours: --<br>Service Phone: 04-2247-0537<br>Service Hours: 週一至週日 11:00 - 21:00<br>Address: 台中市北屯區文心路四段951號<br>Shop Icon: 0<br>Service Icon: 1<br>Handicapped icon: 0<br>Delivery: 0<br>lat: 24.171483<br>lng: 120.694946<br>Zip Code: 40654<br>notification: ,,,,,"-1","0","-1",,,GSC,btwx,台中市,--,--,04-2247-0537,週一至週日 11:00 - 21:00,台中市北屯區文心路四段951號,"0.0","1.0","0.0","0.0","24.171483","120.694946","40654.0",
竹北成功服務中心,Type: GSC<br>Key: CBHC<br>City: 新竹市<br>Store Phone: --<br>Operating Hours: --<br>Service Phone: 03-668-8968<br>Service Hours: 週一至週六 12:00 - 21:00 週日公休<br>Address: 新竹縣竹北市成功八路207號<br>Shop Icon: 0<br>Service Icon: 1<br>Handicapped icon: 0<br>Delivery: 0<br>lat: 24.817287<br>lng: 121.019858<br>Zip Code: 30264<br>notification: 感謝您對Gogoro的支持與愛戴，本店營業時間因故調整：08/08（日）店休一天。如造成您的不便，敬請見諒。感謝您的配合！,,,,,"-1","0","-1",,,GSC,CBHC,新竹市,--,--,03-668-8968,週一至週六 12:00 - 21:00 週日公休,新竹縣竹北市成功八路207號,"0.0","1.0","0.0","0.0","24.817287","121.019858","30264.0",感謝您對Gogoro的支持與愛戴，本店營業時間因故調整：08/08（日）店休一天。如造成您的不便，敬請見諒。感謝您的配合！
台南裕農服務中心,Type: GSC<br>Key: tnyn<br>City: 台南市<br>Store Phone: --<br>Operating Hours: --<br>Service Phone: 06-331-7665<br>Service Hours: 週二至週日 12:00 - 21:00 週一公休<br>Address: 台南市東區裕農路1016號<br>Shop Icon: 0<br>Service Icon: 1<br>Handicapped icon: 0<br>Delivery: 0<br>lat: 22.990259<br>lng: 120.246207<br>Zip Code: 70163<br>notification: ,,,,,"-1","0","-1",,,GSC,tnyn,台南市,--,--,06-331-7665,週二至週日 12:00 - 21:00 週一公休,台南市東區裕農路1016號,"0.0","1.0","0.0","0.0","22.990259","120.246207","70163.0",
北區小東服務中心,Type: GSC<br>Key: tnxd<br>City: 台南市<br>Store Phone: --<br>Operating Hours: --<br>Service Phone: 06-236-8959<br>Service Hours: 週一至週日 12:00 - 21:00<br>Address: 台南市北區小東路261號<br>Shop Icon: 0<br>Service Icon: 1<br>Handicapped icon: 0<br>Delivery: 0<br>lat: 22.999981<br>lng: 120.228633<br>Zip Code: 70457<br>notification: ,,,,,"-1","0","-1",,,GSC,tnxd,台南市,--,--,06-236-8959,週一至週日 12:00 - 21:00,台南市北區小東路261號,"0.0","1.0","0.0","0.0","22.999981","120.228633","70457.0",
龜山文化服務中心,Type: GSC<br>Key: GYU<br>City: 桃園市<br>Store Phone: --<br>Operating Hours: --<br>Service Phone: 03-318-3489<br>Service Hours: 週一至週日 11:00 - 20:00<br>Address: 桃園市龜山區文化七路20之1號<br>Shop Icon: 0<br>Service Icon: 1<br>Handicapped icon: 0<br>Delivery: 0<br>lat: 25.052988<br>lng: 121.361245<br>Zip Code: 33376<br>notification: ,,,,,"-1","0","-1",,,GSC,GYU,桃園市,--,--,03-318-3489,週一至週日 11:00 - 20:00,桃園市龜山區文化七路20之1號,"0.0","1.0","0.0","0.0","25.052988","121.361245","33376.0",
內湖西湖服務中心,Type: GSC<br>Key: nh-xh<br>City: 台北市<br>Store Phone: --<br>Operating Hours: --<br>Service Phone: 0906-715-996<br>Service Hours: 週一至週日 12:00 - 21:00<br>Address: 台北市內湖區內湖路一段411巷19弄17號<br>Shop Icon: 0<br>Service Icon: 1<br>Handicapped icon: 0<br>Delivery: 0<br>lat: 25.082407<br>lng: 121.571906<br>Zip Code: 11442<br>notification: ,,,,,"-1","0","-1",,,GSC,nh-xh,台北市,--,--,0906-715-996,週一至週日 12:00 - 21:00,台北市內湖區內湖路一段411巷19弄17號,"0.0","1.0","0.0","0.0","25.082407","121.571906","11442.0",
中山松江服務中心,Type: GSC<br>Key: zs-sj<br>City: 台北市<br>Store Phone: --<br>Operating Hours: --<br>Service Phone: 02-2596-0086<br>Service Hours: 週一至週日 09:00 - 21:00<br>Address: 台北市中山區松江路530號<br>Shop Icon: 0<br>Service Icon: 1<br>Handicapped icon: 0<br>Delivery: 0<br>lat: 25.067187<br>lng: 121.533016<br>Zip Code: 10471<br>notification: ,,,,,"-1","0","-1",,,GSC,zs-sj,台北市,--,--,02-2596-0086,週一至週日 09:00 - 21:00,台北市中山區松江路530號,"0.0","1.0","0.0","0.0","25.067187","121.533016","10471.0",
新生市民服務中心,Type: GSC<br>Key: xs-civic<br>City: 台北市<br>Store Phone: --<br>Operating Hours: --<br>Service Phone: 02-2537-1764<br>Service Hours: 週一至週日 09:00 - 21:00<br>Address: 台北市中山區新生北路一段23號<br>Shop Icon: 0<br>Service Icon: 1<br>Handicapped icon: 0<br>Delivery: 0<br>lat: 25.047252<br>lng: 121.531539<br>Zip Code: 10455<br>notification: ,,,,,"-1","0","-1",,,GSC,xs-civic,台北市,--,--,02-2537-1764,週一至週日 09:00 - 21:00,台北市中山區新生北路一段23號,"0.0","1.0","0.0","0.0","25.047252","121.531539","10455.0",
三重光復服務中心,Type: GSC<br>Key: sc-kf<br>City: 新北市<br>Store Phone: --<br>Operating Hours: --<br>Service Phone: 02-2278-4898<br>Service Hours: 週一至週日 11:00 - 20:00<br>Address: 新北市三重區中興里光復路二段4號<br>Shop Icon: 0<br>Service Icon: 1<br>Handicapped icon: 0<br>Delivery: 0<br>lat: 25.05385<br>lng: 121.471839<br>Zip Code: 24158<br>notification: ,,,,,"-1","0","-1",,,GSC,sc-kf,新北市,--,--,02-2278-4898,週一至週日 11:00 - 20:00,新北市三重區中興里光復路二段4號,"0.0","1.0","0.0","0.0","25.05385","121.471839","24158.0",
中壢龍岡服務中心,Type: GSC<br>Key: cl-lg<br>City: 桃園市<br>Store Phone: --<br>Operating Hours: --<br>Service Phone: 03-468-5759<br>Service Hours: 週一至週六 12:00 - 21:00 週日 12:00 - 20:00<br>Address: 桃園市中壢區龍岡路一段125號<br>Shop Icon: 0<br>Service Icon: 1<br>Handicapped icon: 0<br>Delivery: 0<br>lat: 24.94971<br>lng: 121.224453<br>Zip Code: 32096<br>notification: ,,,,,"-1","0","-1",,,GSC,cl-lg,桃園市,--,--,03-468-5759,週一至週六 12:00 - 21:00 週日 12:00 - 20:00,桃園市中壢區龍岡路一段125號,"0.0","1.0","0.0","0.0","24.94971","121.224453","32096.0",
東區民權服務中心,Type: GSC<br>Key: hc-mc<br>City: 新竹市<br>Store Phone: --<br>Operating Hours: --<br>Service Phone: 03-545-7066<br>Service Hours: 週一至週六 12:00 - 21:00 週日公休<br>Address: 新竹市民權路38號<br>Shop Icon: 0<br>Service Icon: 1<br>Handicapped icon: 0<br>Delivery: 0<br>lat: 24.806505<br>lng: 120.97652<br>Zip Code: <br>notification: 感謝您對Gogoro的支持與愛戴，本店營業時間因故調整：08/08（日）店休一天。如造成您的不便，敬請見諒。感謝您的配合！,,,,,"-1","0","-1",,,GSC,hc-mc,新竹市,--,--,03-545-7066,週一至週六 12:00 - 21:00 週日公休,新竹市民權路38號,"0.0","1.0","0.0","0.0","24.806505","120.97652",,感謝您對Gogoro的支持與愛戴，本店營業時間因故調整：08/08（日）店休一天。如造成您的不便，敬請見諒。感謝您的配合！
桃園永安服務中心,Type: GSC<br>Key: ty-ya<br>City: 桃園市<br>Store Phone: --<br>Operating Hours: --<br>Service Phone: 0906-731-996<br>Service Hours: 週一至週日 12:00 - 21:00<br>Address: 桃園市桃園區永安路249號<br>Shop Icon: 0<br>Service Icon: 1<br>Handicapped icon: 0<br>Delivery: 0<br>lat: 24.998383<br>lng: 121.302863<br>Zip Code: <br>notification: ,,,,,"-1","0","-1",,,GSC,ty-ya,桃園市,--,--,0906-731-996,週一至週日 12:00 - 21:00,桃園市桃園區永安路249號,"0.0","1.0","0.0","0.0","24.998383","121.302863",,
光華八德門市,Type: GS<br>Key: bade<br>City: 台北市<br>Store Phone: 0938-971-855<br>Operating Hours: 週一至週日 12:00 - 21:00<br>Service Phone: 0981-001-666<br>Service Hours: 週一至週日 12:00 - 21:00<br>Address: 台北市中正區八德路一段27號<br>Shop Icon: 1<br>Service Icon: 1<br>Handicapped icon: 1<br>Delivery: 0<br>lat: 25.044132<br>lng: 121.53126<br>Zip Code: 10058<br>notification: ,,,,,"-1","0","-1",,,GS,bade,台北市,0938-971-855,週一至週日 12:00 - 21:00,0981-001-666,週一至週日 12:00 - 21:00,台北市中正區八德路一段27號,"1.0","1.0","1.0","0.0","25.044132","121.53126","10058.0",
松山饒河門市,Type: GS<br>Key: bade<br>City: 台北市<br>Store Phone: 0981-186-111<br>Operating Hours: 週一至週日 12:00 - 21:00<br>Service Phone: 0981-006-000<br>Service Hours: 週一至週日 12:00 - 21:00<br>Address: 台北市松山區八德路四段650號<br>Shop Icon: 1<br>Service Icon: 1<br>Handicapped icon: 1<br>Delivery: 0<br>lat: 25.0498814<br>lng: 121.5751152<br>Zip Code: 10566<br>notification: ,,,,,"-1","0","-1",,,GS,bade,台北市,0981-186-111,週一至週日 12:00 - 21:00,0981-006-000,週一至週日 12:00 - 21:00,台北市松山區八德路四段650號,"1.0","1.0","1.0","0.0","25.0498814","121.5751152","10566.0",
圓山承德門市,Type: GS<br>Key: yuanshan<br>City: 台北市<br>Store Phone: 0981-066-333<br>Operating Hours: 週一至週日 12:00 - 21:00<br>Service Phone: 0981-217-000<br>Service Hours: 週一至週日 12:00 - 21:00<br>Address: 台北市大同區承德路三段237號<br>Shop Icon: 1<br>Service Icon: 1<br>Handicapped icon: 1<br>Delivery: 0<br>lat: 25.070867<br>lng: 121.51874<br>Zip Code: 10366<br>notification: ,,,,,"-1","0","-1",,,GS,yuanshan,台北市,0981-066-333,週一至週日 12:00 - 21:00,0981-217-000,週一至週日 12:00 - 21:00,台北市大同區承德路三段237號,"1.0","1.0","1.0","0.0","25.070867","121.51874","10366.0",
師大和平門市,Type: RS<br>Key: shida<br>City: 台北市<br>Store Phone: 0938-975-660<br>Operating Hours: 週一至週日 12:00 - 21:00<br>Service Phone: --<br>Service Hours: --<br>Address: 台北市大安區和平東路一段129號<br>Shop Icon: 1<br>Service Icon: 0<br>Handicapped icon: 1<br>Delivery: 0<br>lat: 25.02712<br>lng: 121.529318<br>Zip Code: 10644<br>notification: ,,,,,"-1","0","-1",,,RS,shida,台北市,0938-975-660,週一至週日 12:00 - 21:00,--,--,台北市大安區和平東路一段129號,"1.0","0.0","1.0","0.0","25.02712","121.529318","10644.0",
板橋館前門市,Type: GS<br>Key: banqiao<br>City: 新北市<br>Store Phone: 0938-979-050<br>Operating Hours: 週一至週日 12:00 - 21:00<br>Service Phone: 0981-070-222<br>Service Hours: 週一至週日 12:00 - 21:00<br>Address: 新北市板橋區館前東路26號<br>Shop Icon: 1<br>Service Icon: 1<br>Handicapped icon: 1<br>Delivery: 0<br>lat: 25.0070782<br>lng: 121.4603758<br>Zip Code: 22064<br>notification: ,,,,,"-1","0","-1",,,GS,banqiao,新北市,0938-979-050,週一至週日 12:00 - 21:00,0981-070-222,週一至週日 12:00 - 21:00,新北市板橋區館前東路26號,"1.0","1.0","1.0","0.0","25.0070782","121.4603758","22064.0",
永和中正門市,Type: GS<br>Key: yonghe<br>City: 新北市<br>Store Phone: 0938-979-190<br>Operating Hours: 週一至週日 12:00 - 21:00<br>Service Phone: 0981-085-111<br>Service Hours: 週一至週日 12:00 - 21:00<br>Address: 新北市永和區中正路236、238號<br>Shop Icon: 1<br>Service Icon: 1<br>Handicapped icon: 1<br>Delivery: 0<br>lat: 24.9979853<br>lng: 121.5162996<br>Zip Code: 23455<br>notification: ,,,,,"-1","0","-1",,,GS,yonghe,新北市,0938-979-190,週一至週日 12:00 - 21:00,0981-085-111,週一至週日 12:00 - 21:00,新北市永和區中正路236、238號,"1.0","1.0","1.0","0.0","24.9979853","121.5162996","23455.0",
桃園八德門市,Type: GS<br>Key: taoyuan-bade<br>City: 桃園市<br>Store Phone: 0981-158-668<br>Operating Hours: 週一至週日 12:00 - 21:00<br>Service Phone: 0981-288-992<br>Service Hours: 週一至週日 12:00 - 21:00<br>Address: 桃園市八德區介壽路二段312號<br>Shop Icon: 1<br>Service Icon: 1<br>Handicapped icon: 1<br>Delivery: 0<br>lat: 24.9493347<br>lng: 121.2975593<br>Zip Code: 33445<br>notification: ,,,,,"-1","0","-1",,,GS,taoyuan-bade,桃園市,0981-158-668,週一至週日 12:00 - 21:00,0981-288-992,週一至週日 12:00 - 21:00,桃園市八德區介壽路二段312號,"1.0","1.0","1.0","0.0","24.9493347","121.2975593","33445.0",
桃園藝文門市,Type: GS<br>Key: Taoyuan-Art<br>City: 桃園市<br>Store Phone: 0981-007-866<br>Operating Hours: 週一至週日 12:00 - 21:00<br>Service Phone: 0981-282-200<br>Service Hours: 週一至週日 12:00 - 21:00<br>Address: 桃園市桃園區大興西路一段163號<br>Shop Icon: 1<br>Service Icon: 1<br>Handicapped icon: 1<br>Delivery: 0<br>lat: 25.01434<br>lng: 121.305117<br>Zip Code: 33044<br>notification: 感謝您對Gogoro的支持與愛戴，本店營業時間因故調整：保養維修服務 今日至 08/15（日）皆店休，銷售試乘服務不受影響。如造成您的不便，敬請見諒。感謝您的配合！,,,,,"-1","0","-1",,,GS,Taoyuan-Art,桃園市,0981-007-866,週一至週日 12:00 - 21:00,0981-282-200,週一至週日 12:00 - 21:00,桃園市桃園區大興西路一段163號,"1.0","1.0","1.0","0.0","25.01434","121.305117","33044.0",感謝您對Gogoro的支持與愛戴，本店營業時間因故調整：保養維修服務 今日至 08/15（日）皆店休，銷售試乘服務不受影響。如造成您的不便，敬請見諒。感謝您的配合！
中壢復興門市,Type: GS<br>Key: zhongli<br>City: 桃園市<br>Store Phone: 0938-905-660<br>Operating Hours: 週一至週日 12:00 - 21:00<br>Service Phone: 0981-086-222<br>Service Hours: 週一至週日 12:00 - 21:00<br>Address: 桃園市中壢區復興路71號<br>Shop Icon: 1<br>Service Icon: 1<br>Handicapped icon: 1<br>Delivery: 0<br>lat: 24.956334<br>lng: 121.225055<br>Zip Code: 32041<br>notification: ,,,,,"-1","0","-1",,,GS,zhongli,桃園市,0938-905-660,週一至週日 12:00 - 21:00,0981-086-222,週一至週日 12:00 - 21:00,桃園市中壢區復興路71號,"1.0","1.0","1.0","0.0","24.956334","121.225055","32041.0",
新竹北大門市,Type: GS<br>Key: hshinchu<br>City: 新竹市<br>Store Phone: 0938-915-880<br>Operating Hours: 週一至週日 11:00 - 21:00<br>Service Phone: --<br>Service Hours: --<br>Address: 新竹市北區北大路321號<br>Shop Icon: 1<br>Service Icon: 0<br>Handicapped icon: 1<br>Delivery: 0<br>lat: 24.805765<br>lng: 120.96219<br>Zip Code: 30044<br>notification: ,,,,,"-1","0","-1",,,GS,hshinchu,新竹市,0938-915-880,週一至週日 11:00 - 21:00,--,--,新竹市北區北大路321號,"1.0","0.0","1.0","0.0","24.805765","120.96219","30044.0",
台南公園門市,Type: GS<br>Key: tainan<br>City: 台南市<br>Store Phone: 0981-115-000<br>Operating Hours: 週一至週日 12:00 - 21:00<br>Service Phone: 0981-167-111<br>Service Hours: 週一至週日 12:00 - 21:00<br>Address: 台南市中西區公園路36號<br>Shop Icon: 1<br>Service Icon: 1<br>Handicapped icon: 1<br>Delivery: 0<br>lat: 22.994531<br>lng: 120.205517<br>Zip Code: 70050<br>notification: ,,,,,"-1","0","-1",,,GS,tainan,台南市,0981-115-000,週一至週日 12:00 - 21:00,0981-167-111,週一至週日 12:00 - 21:00,台南市中西區公園路36號,"1.0","1.0","1.0","0.0","22.994531","120.205517","70050.0",
鳳山青年門市,Type: GS<br>Key: fengshan<br>City: 高雄市<br>Store Phone: 0981-058-333<br>Operating Hours: 週一至週日 12:00 - 21:00<br>Service Phone: 0981-176-000<br>Service Hours: 週一至週日 12:00 - 21:00<br>Address: 高雄市鳳山區青年路二段287號<br>Shop Icon: 1<br>Service Icon: 1<br>Handicapped icon: 1<br>Delivery: 0<br>lat: 22.639587<br>lng: 120.350851<br>Zip Code: 83048<br>notification: ,,,,,"-1","0","-1",,,GS,fengshan,高雄市,0981-058-333,週一至週日 12:00 - 21:00,0981-176-000,週一至週日 12:00 - 21:00,高雄市鳳山區青年路二段287號,"1.0","1.0","1.0","0.0","22.639587","120.350851","83048.0",
左營博愛門市,Type: GS<br>Key: zuoying<br>City: 高雄市<br>Store Phone: 0981-166-000<br>Operating Hours: 週一至週日 12:00 - 21:00<br>Service Phone: 0981-333-553<br>Service Hours: 週一至週日 12:00 - 21:00<br>Address: 高雄市左營區博愛二路664號<br>Shop Icon: 1<br>Service Icon: 1<br>Handicapped icon: 1<br>Delivery: 0<br>lat: 22.6696<br>lng: 120.303737<br>Zip Code: 81358<br>notification: ,,,,,"-1","0","-1",,,GS,zuoying,高雄市,0981-166-000,週一至週日 12:00 - 21:00,0981-333-553,週一至週日 12:00 - 21:00,高雄市左營區博愛二路664號,"1.0","1.0","1.0","0.0","22.6696","120.303737","81358.0",
高雄岡山門市,Type: GS<br>Key: ks-ks<br>City: 高雄市<br>Store Phone: 0981-139-966<br>Operating Hours: 週一至週日 12:00 - 21:00<br>Service Phone: 0981-302-255<br>Service Hours: 週一至週日 12:00 - 21:00<br>Address: 高雄市岡山區岡山路164號<br>Shop Icon: 1<br>Service Icon: 1<br>Handicapped icon: 1<br>Delivery: 0<br>lat: 22.790233<br>lng: 120.296408<br>Zip Code: 82051<br>notification: ,,,,,"-1","0","-1",,,GS,ks-ks,高雄市,0981-139-966,週一至週日 12:00 - 21:00,0981-302-255,週一至週日 12:00 - 21:00,高雄市岡山區岡山路164號,"1.0","1.0","1.0","0.0","22.790233","120.296408","82051.0",
板橋廣權交車中心,Type: DC<br>Key: bqkc<br>City: 新北市<br>Store Phone: 0903-667-467<br>Operating Hours: 週一至週日 13:00 - 21:00<br>Service Phone: --<br>Service Hours: --<br>Address: 新北市板橋區廣權路6號<br>Shop Icon: 0<br>Service Icon: 0<br>Handicapped icon: 0<br>Delivery: 1<br>lat: 24.990911<br>lng: 121.460497<br>Zip Code: 22061<br>notification: ,,,,,"-1","0","-1",,,DC,bqkc,新北市,0903-667-467,週一至週日 13:00 - 21:00,--,--,新北市板橋區廣權路6號,"0.0","0.0","0.0","1.0","24.990911","121.460497","22061.0",
台中站前交車中心,Type: DC<br>Key: tc-delivery<br>City: 台中市<br>Store Phone: 0981-178-881<br>Operating Hours: 週一至週日 13:00 - 20:00<br>Service Phone: --<br>Service Hours: --<br>Address: 台中市東區新民街88號<br>Shop Icon: 0<br>Service Icon: 0<br>Handicapped icon: 0<br>Delivery: 1<br>lat: 24.138265<br>lng: 120.686887<br>Zip Code: 40154<br>notification: ,,,,,"-1","0","-1",,,DC,tc-delivery,台中市,0981-178-881,週一至週日 13:00 - 20:00,--,--,台中市東區新民街88號,"0.0","0.0","0.0","1.0","24.138265","120.686887","40154.0",
高雄中正交車中心,Type: DC<br>Key: ks-ccdc<br>City: 高雄市<br>Store Phone: 0981-166-133<br>Operating Hours: 週一至週日 12:00 - 21:00<br>Service Phone: --<br>Service Hours: --<br>Address: 高雄市新興區中正三路20號<br>Shop Icon: 0<br>Service Icon: 0<br>Handicapped icon: 0<br>Delivery: 1<br>lat: 22.630904<br>lng: 120.312073<br>Zip Code: 80052<br>notification: ,,,,,"-1","0","-1",,,DC,ks-ccdc,高雄市,0981-166-133,週一至週日 12:00 - 21:00,--,--,高雄市新興區中正三路20號,"0.0","0.0","0.0","1.0","22.630904","120.312073","80052.0",
北桃永安交車中心,Type: DC<br>Key: Beitao Yongan <br>City: 桃園市<br>Store Phone: 0925-326-355<br>Operating Hours: --<br>Service Phone: --<br>Service Hours: --<br>Address: 桃園市桃園區永安路910、912號<br>Shop Icon: 0<br>Service Icon: 0<br>Handicapped icon: 0<br>Delivery: 1<br>lat: 25.007842<br>lng: 121.290919<br>Zip Code: 330<br>notification: ,,,,,"-1","0","-1",,,DC,Beitao Yongan ,桃園市,0925-326-355,--,--,--,桃園市桃園區永安路910、912號,"0.0","0.0","0.0","1.0","25.007842","121.290919","330.0",
新竹林森服務中心,Type: CS<br>Key: Hsinchu Linsen<br>City: 新竹市<br>Store Phone: --<br>Operating Hours: --<br>Service Phone: 0981-101-000<br>Service Hours: 週一至週日 12:00 - 21:00<br>Address: 新竹市東區林森路187號1樓<br>Shop Icon: 0<br>Service Icon: 1<br>Handicapped icon: 0<br>Delivery: <br>lat: 24.799004<br>lng: 120.964368<br>Zip Code: 300<br>notification: ,,,,,"-1","0","-1",,,CS,Hsinchu Linsen,新竹市,--,--,0981-101-000,週一至週日 12:00 - 21:00,新竹市東區林森路187號1樓,"0.0","1.0","0.0",,"24.799004","120.964368","300.0",
新店北新服務中心,Type: CS<br>Key: xd<br>City: 新北市<br>Store Phone: --<br>Operating Hours: --<br>Service Phone: 0981-686-122<br>Service Hours: 週一至週日 12:00 - 21:00<br>Address: 新北市新店區北新路三段227號<br>Shop Icon: 0<br>Service Icon: 1<br>Handicapped icon: 1<br>Delivery: 0<br>lat: 24.985133<br>lng: 121.540723<br>Zip Code: 23143<br>notification: ,,,,,"-1","0","-1",,,CS,xd,新北市,--,--,0981-686-122,週一至週日 12:00 - 21:00,新北市新店區北新路三段227號,"0.0","1.0","1.0","0.0","24.985133","121.540723","23143.0",
內湖民權服務中心,Type: CS<br>Key: nh<br>City: 台北市<br>Store Phone: --<br>Operating Hours: --<br>Service Phone: 0981-277-100<br>Service Hours: 週一至週日 12:00 - 21:00<br>Address: 台北市內湖區民權東路六段296巷66之3號<br>Shop Icon: 0<br>Service Icon: 1<br>Handicapped icon: 1<br>Delivery: 0<br>lat: 25.07045<br>lng: 121.608623<br>Zip Code: 11483<br>notification: ,,,,,"-1","0","-1",,,CS,nh,台北市,--,--,0981-277-100,週一至週日 12:00 - 21:00,台北市內湖區民權東路六段296巷66之3號,"0.0","1.0","1.0","0.0","25.07045","121.608623","11483.0",
新莊中正服務中心,Type: CS<br>Key: xc<br>City: 新北市<br>Store Phone: --<br>Operating Hours: --<br>Service Phone: 0981-686-133<br>Service Hours: 週一至週日 12:00 - 21:00<br>Address: 新北市新莊區中正路57號<br>Shop Icon: 0<br>Service Icon: 1<br>Handicapped icon: 1<br>Delivery: 0<br>lat: 25.039618<br>lng: 121.461918<br>Zip Code: 24243<br>notification: ,,,,,"-1","0","-1",,,CS,xc,新北市,--,--,0981-686-133,週一至週日 12:00 - 21:00,新北市新莊區中正路57號,"0.0","1.0","1.0","0.0","25.039618","121.461918","24243.0",
蘆洲三民服務中心,Type: CS<br>Key: lz<br>City: 新北市<br>Store Phone: --<br>Operating Hours: --<br>Service Phone: 0981-079-000<br>Service Hours: 週一至週日 12:00 - 21:00<br>Address: 新北市蘆洲區三民路138號<br>Shop Icon: 0<br>Service Icon: 1<br>Handicapped icon: 1<br>Delivery: 0<br>lat: 25.087791<br>lng: 121.470737<br>Zip Code: 24760<br>notification: ,,,,,"-1","0","-1",,,CS,lz,新北市,--,--,0981-079-000,週一至週日 12:00 - 21:00,新北市蘆洲區三民路138號,"0.0","1.0","1.0","0.0","25.087791","121.470737","24760.0",
土城明德服務中心,Type: CS<br>Key: tcmd<br>City: 新北市<br>Store Phone: --<br>Operating Hours: --<br>Service Phone: 0981-686-155<br>Service Hours: 週一至週日 12:00 - 21:00<br>Address: 新北市土城區明德路二段129號<br>Shop Icon: 0<br>Service Icon: 1<br>Handicapped icon: 1<br>Delivery: 0<br>lat: 24.982311<br>lng: 121.449554<br>Zip Code: 23659<br>notification: ,,,,,"-1","0","-1",,,CS,tcmd,新北市,--,--,0981-686-155,週一至週日 12:00 - 21:00,新北市土城區明德路二段129號,"0.0","1.0","1.0","0.0","24.982311","121.449554","23659.0",
桃園復興服務中心,Type: CS<br>Key: tyfh<br>City: 桃園市<br>Store Phone: --<br>Operating Hours: --<br>Service Phone: 0981-686-166<br>Service Hours: 週一至週日 12:00 - 21:00<br>Address: 桃園市桃園區復興路20號<br>Shop Icon: 0<br>Service Icon: 1<br>Handicapped icon: 1<br>Delivery: 0<br>lat: 24.991084<br>lng: 121.318492<br>Zip Code: 33065<br>notification: ,,,,,"-1","0","-1",,,CS,tyfh,桃園市,--,--,0981-686-166,週一至週日 12:00 - 21:00,桃園市桃園區復興路20號,"0.0","1.0","1.0","0.0","24.991084","121.318492","33065.0",
台中柳川服務中心,Type: CS<br>Key: lc<br>City: 台中市<br>Store Phone: --<br>Operating Hours: --<br>Service Phone: 0981-686-188<br>Service Hours: 週一至週日 12:00 - 21:00<br>Address: 台中市北區柳川東路四段112號<br>Shop Icon: 0<br>Service Icon: 1<br>Handicapped icon: 1<br>Delivery: 0<br>lat: 24.155019<br>lng: 120.68143<br>Zip Code: 40458<br>notification: ,,,,,"-1","0","-1",,,CS,lc,台中市,--,--,0981-686-188,週一至週日 12:00 - 21:00,台中市北區柳川東路四段112號,"0.0","1.0","1.0","0.0","24.155019","120.68143","40458.0",
豐原中山服務中心,Type: CS<br>Key: fy<br>City: 台中市<br>Store Phone: --<br>Operating Hours: --<br>Service Phone: 0981-686-177<br>Service Hours: 週一至週日 12:00 - 21:00<br>Address: 台中市豐原區豐西街6號<br>Shop Icon: 0<br>Service Icon: 1<br>Handicapped icon: 1<br>Delivery: 0<br>lat: 24.2518<br>lng: 120.713265<br>Zip Code: 42054<br>notification: ,,,,,"-1","0","-1",,,CS,fy,台中市,--,--,0981-686-177,週一至週日 12:00 - 21:00,台中市豐原區豐西街6號,"0.0","1.0","1.0","0.0","24.2518","120.713265","42054.0",
永康中山南服務中心,Type: CS<br>Key: ykcs<br>City: 台南市<br>Store Phone: --<br>Operating Hours: --<br>Service Phone: 0976-837-310<br>Service Hours: 週一至週日 12:00 - 21:00<br>Address: 台南市永康區中山南路615號<br>Shop Icon: 0<br>Service Icon: 1<br>Handicapped icon: 1<br>Delivery: 0<br>lat: 23.024788<br>lng: 120.25417<br>Zip Code: 71071<br>notification: ,,,,,"-1","0","-1",,,CS,ykcs,台南市,--,--,0976-837-310,週一至週日 12:00 - 21:00,台南市永康區中山南路615號,"0.0","1.0","1.0","0.0","23.024788","120.25417","71071.0",
高雄五甲服務中心,Type: CS<br>Key: wc<br>City: 高雄市<br>Store Phone: --<br>Operating Hours: --<br>Service Phone: 0981-182-333<br>Service Hours: 週一至週日 12:00 - 21:00<br>Address: 高雄市鳳山區五甲三路66號<br>Shop Icon: 0<br>Service Icon: 1<br>Handicapped icon: 1<br>Delivery: 0<br>lat: 22.592607<br>lng: 120.32691<br>Zip Code: 83087<br>notification: ,,,,,"-1","0","-1",,,CS,wc,高雄市,--,--,0981-182-333,週一至週日 12:00 - 21:00,高雄市鳳山區五甲三路66號,"0.0","1.0","1.0","0.0","22.592607","120.32691","83087.0",
高雄中正服務中心,Type: CS<br>Key: ks-cccs<br>City: 高雄市<br>Store Phone: --<br>Operating Hours: --<br>Service Phone: 0981-866-500<br>Service Hours: 週一至週日 12:00 - 21:00<br>Address: 高雄市新興區中正三路20號<br>Shop Icon: 0<br>Service Icon: 1<br>Handicapped icon: 1<br>Delivery: 0<br>lat: 22.630904<br>lng: 120.312073<br>Zip Code: 80052<br>notification: ,,,,,"-1","0","-1",,,CS,ks-cccs,高雄市,--,--,0981-866-500,週一至週日 12:00 - 21:00,高雄市新興區中正三路20號,"0.0","1.0","1.0","0.0","22.630904","120.312073","80052.0",
三重集成服務中心,Type: GSC<br>Key: sc-xc<br>City: 新北市<br>Store Phone: --<br>Operating Hours: --<br>Service Phone: 02-2977-5015<br>Service Hours: 週一至週日 12:00 - 21:00<br>Address: 新北市三重區集成路39號<br>Shop Icon: 0<br>Service Icon: 1<br>Handicapped icon: 0<br>Delivery: 0<br>lat: 25.052408<br>lng: 121.489388<br>Zip Code: 24144<br>notification: 感謝您對Gogoro的支持與愛戴，本店營業時間因故調整：07/29（四）店休一天。如造成您的不便，敬請見諒。感謝您的配合！,,,,,"-1","0","-1",,,GSC,sc-xc,新北市,--,--,02-2977-5015,週一至週日 12:00 - 21:00,新北市三重區集成路39號,"0.0","1.0","0.0","0.0","25.052408","121.489388","24144.0",感謝您對Gogoro的支持與愛戴，本店營業時間因故調整：07/29（四）店休一天。如造成您的不便，敬請見諒。感謝您的配合！
竹北中正東門市,Type: AGS<br>Key: hc-zs<br>City: 新竹縣<br>Store Phone: 03-553-9970<br>Operating Hours: 週一至週日 12:00 - 21:00<br>Service Phone: 03-553-9970<br>Service Hours: 週一至週日 12:00 - 21:00<br>Address: 新竹縣竹北市中正東路176號<br>Shop Icon: 1<br>Service Icon: 1<br>Handicapped icon: 0<br>Delivery: 0<br>lat: 24.835261<br>lng: 121.015317<br>Zip Code: 30241<br>notification: ,,,,,"-1","0","-1",,,AGS,hc-zs,新竹縣,03-553-9970,週一至週日 12:00 - 21:00,03-553-9970,週一至週日 12:00 - 21:00,新竹縣竹北市中正東路176號,"1.0","1.0","0.0","0.0","24.835261","121.015317","30241.0",
彰化中山門市,Type: GS<br>Key: ch<br>City: 彰化縣<br>Store Phone: 0981-181-222<br>Operating Hours: 週一至週日 12:00 - 21:00<br>Service Phone: 0981-288-311<br>Service Hours: 週一至週日 12:00 - 21:00<br>Address: 彰化縣彰化市中山路二段437號<br>Shop Icon: 1<br>Service Icon: 1<br>Handicapped icon: 0<br>Delivery: 0<br>lat: 24.076766<br>lng: 120.544071<br>Zip Code: 50065<br>notification: ,,,,,"-1","0","-1",,,GS,ch,彰化縣,0981-181-222,週一至週日 12:00 - 21:00,0981-288-311,週一至週日 12:00 - 21:00,彰化縣彰化市中山路二段437號,"1.0","1.0","0.0","0.0","24.076766","120.544071","50065.0",
嘉義興業東門市,Type: AGS<br>Key: cy<br>City: 嘉義市<br>Store Phone: 05-216-8222<br>Operating Hours: 週一至週日 11:00 - 21:00<br>Service Phone: 05-216-8222<br>Service Hours: 週一至週日 12:00 - 21:00<br>Address: 嘉義市東區興業東路18號<br>Shop Icon: 1<br>Service Icon: 1<br>Handicapped icon: 0<br>Delivery: 0<br>lat: 23.4693<br>lng: 120.454721<br>Zip Code: 60057<br>notification: ,,,,,"-1","0","-1",,,AGS,cy,嘉義市,05-216-8222,週一至週日 11:00 - 21:00,05-216-8222,週一至週日 12:00 - 21:00,嘉義市東區興業東路18號,"1.0","1.0","0.0","0.0","23.4693","120.454721","60057.0",
樹林三俊門市,Type: AGS<br>Key: slsj<br>City: 新北市<br>Store Phone: 02-2676-5689<br>Operating Hours: 週一至週日 12:00 - 21:00<br>Service Phone: 02-2676-5689<br>Service Hours: 週一至週日 12:00 - 21:00<br>Address: 新北市樹林區三俊街288號<br>Shop Icon: 1<br>Service Icon: 1<br>Handicapped icon: 0<br>Delivery: 0<br>lat: 25.014216<br>lng: 121.422551<br>Zip Code: 23865<br>notification: ,,,,,"-1","0","-1",,,AGS,slsj,新北市,02-2676-5689,週一至週日 12:00 - 21:00,02-2676-5689,週一至週日 12:00 - 21:00,新北市樹林區三俊街288號,"1.0","1.0","0.0","0.0","25.014216","121.422551","23865.0",
屏東公園門市,Type: AGS<br>Key: pt<br>City: 屏東縣<br>Store Phone: 08-733-8868<br>Operating Hours: 週一至週日 12:00 - 21:00<br>Service Phone: 08-733-8868<br>Service Hours: 週一至週日 12:00 - 21:00<br>Address: 屏東縣屏東市中華路80號（太平洋百貨）<br>Shop Icon: 1<br>Service Icon: 1<br>Handicapped icon: 0<br>Delivery: 0<br>lat: 22.674148<br>lng: 120.490622<br>Zip Code: 90054<br>notification: 親愛的客戶 您好：為提供所有顧客真摯的服務與更寬廣的空間環境，將強化及壯大團隊陣容，本門市「銷售相關服務」將於 2021/08/14 (六) 喬遷到屏東民族門市（屏東縣屏東市民族路104號）囉！屏東公園門市持續提供「保養維修服務」歡迎進店了解保養資訊。我們的熱情將會持續到屏東民族門市，期待舊雨新知蒞臨指教，你的支持會成我們強大的服務能量。歡迎光臨 Gogoro，讓我們換電/店再出發！,,,,,"-1","0","-1",,,AGS,pt,屏東縣,08-733-8868,週一至週日 12:00 - 21:00,08-733-8868,週一至週日 12:00 - 21:00,屏東縣屏東市中華路80號（太平洋百貨）,"1.0","1.0","0.0","0.0","22.674148","120.490622","90054.0",親愛的客戶 您好：為提供所有顧客真摯的服務與更寬廣的空間環境，將強化及壯大團隊陣容，本門市「銷售相關服務」將於 2021/08/14 (六) 喬遷到屏東民族門市（屏東縣屏東市民族路104號）囉！屏東公園門市持續提供「保養維修服務」歡迎進店了解保養資訊。我們的熱情將會持續到屏東民族門市，期待舊雨新知蒞臨指教，你的支持會成我們強大的服務能量。歡迎光臨 Gogoro，讓我們換電/店再出發！
東區崇德門市,Type: AGS<br>Key: tn-xd<br>City: 台南市<br>Store Phone: 06-267-6233<br>Operating Hours: 週一至週日 12:00 - 21:00<br>Service Phone: 06-267-6233<br>Service Hours: 週一至週日 12:00 - 21:00<br>Address: 台南市東區崇德路596號<br>Shop Icon: 1<br>Service Icon: 1<br>Handicapped icon: 0<br>Delivery: 0<br>lat: 22.971725<br>lng: 120.227298<br>Zip Code: 70173<br>notification: ,,,,,"-1","0","-1",,,AGS,tn-xd,台南市,06-267-6233,週一至週日 12:00 - 21:00,06-267-6233,週一至週日 12:00 - 21:00,台南市東區崇德路596號,"1.0","1.0","0.0","0.0","22.971725","120.227298","70173.0",
三民建工門市,Type: AGS<br>Key: ks-sm<br>City: 高雄市<br>Store Phone: 07-381-1336<br>Operating Hours: 週一至週日 12:00 - 21:00<br>Service Phone: 07-381-1336<br>Service Hours: 週一至週日 12:00 - 21:00<br>Address: 高雄市三民區建工路422號<br>Shop Icon: 1<br>Service Icon: 1<br>Handicapped icon: 0<br>Delivery: 0<br>lat: 22.652214<br>lng: 120.328235<br>Zip Code: 80778<br>notification: ,,,,,"-1","0","-1",,,AGS,ks-sm,高雄市,07-381-1336,週一至週日 12:00 - 21:00,07-381-1336,週一至週日 12:00 - 21:00,高雄市三民區建工路422號,"1.0","1.0","0.0","0.0","22.652214","120.328235","80778.0",
小港漢民門市,Type: AGS<br>Key: xg-hw<br>City: 高雄市<br>Store Phone: 07-806-1678<br>Operating Hours: 週一至週日 12:00 - 21:00<br>Service Phone: 07-806-1678<br>Service Hours: 週一至週日 12:00 - 21:00<br>Address: 高雄市小港區漢民路369號<br>Shop Icon: 1<br>Service Icon: 1<br>Handicapped icon: 0<br>Delivery: 0<br>lat: 22.567312<br>lng: 120.356472<br>Zip Code: 81256<br>notification: ,,,,,"-1","0","-1",,,AGS,xg-hw,高雄市,07-806-1678,週一至週日 12:00 - 21:00,07-806-1678,週一至週日 12:00 - 21:00,高雄市小港區漢民路369號,"1.0","1.0","0.0","0.0","22.567312","120.356472","81256.0",
安平中華門市,Type: AGS<br>Key: ap-zh<br>City: 台南市<br>Store Phone: 06-295-9729<br>Operating Hours: 週一至週日 12:00 - 21:00<br>Service Phone: 06-295-9729<br>Service Hours: 週一至週日 12:00 - 21:00<br>Address: 台南市安平區中華西路二段59號<br>Shop Icon: 1<br>Service Icon: 1<br>Handicapped icon: 0<br>Delivery: 0<br>lat: 22.988245<br>lng: 120.186592<br>Zip Code: 70844<br>notification: ,,,,,"-1","0","-1",,,AGS,ap-zh,台南市,06-295-9729,週一至週日 12:00 - 21:00,06-295-9729,週一至週日 12:00 - 21:00,台南市安平區中華西路二段59號,"1.0","1.0","0.0","0.0","22.988245","120.186592","70844.0",
楠梓益群門市,Type: AGS<br>Key: Nz-yc<br>City: 高雄市<br>Store Phone: 07-360-1789<br>Operating Hours: 週一至週日 12:00 - 21:00<br>Service Phone: 07-360-1789<br>Service Hours: 週一至週日 12:00 - 21:00<br>Address: 高雄市楠梓區益群路65號<br>Shop Icon: 1<br>Service Icon: 1<br>Handicapped icon: 0<br>Delivery: 0<br>lat: 22.725124<br>lng: 120.296921<br>Zip Code: 81153<br>notification: ,,,,,"-1","0","-1",,,AGS,Nz-yc,高雄市,07-360-1789,週一至週日 12:00 - 21:00,07-360-1789,週一至週日 12:00 - 21:00,高雄市楠梓區益群路65號,"1.0","1.0","0.0","0.0","22.725124","120.296921","81153.0",
仁武仁雄門市,Type: AGS<br>Key: ks-zz<br>City: 高雄市<br>Store Phone: 07-374-3985<br>Operating Hours: 週一至週日 12:00 - 21:00<br>Service Phone: 07-374-3985<br>Service Hours: 週一至週日 12:00 - 21:00<br>Address: 高雄市仁武區仁雄路37之2號<br>Shop Icon: 1<br>Service Icon: 1<br>Handicapped icon: 0<br>Delivery: 0<br>lat: 22.680051<br>lng: 120.349494<br>Zip Code: 81463<br>notification: ,,,,,"-1","0","-1",,,AGS,ks-zz,高雄市,07-374-3985,週一至週日 12:00 - 21:00,07-374-3985,週一至週日 12:00 - 21:00,高雄市仁武區仁雄路37之2號,"1.0","1.0","0.0","0.0","22.680051","120.349494","81463.0",
安南安和門市,Type: AGS<br>Key: tn-an<br>City: 台南市<br>Store Phone: 06-251-8259<br>Operating Hours: 週一至週日 12:00 - 21:00<br>Service Phone: 06-251-8259<br>Service Hours: 週一至週六 12:00 - 21:00 週日公休<br>Address: 台南市安南區安和路一段158號<br>Shop Icon: 1<br>Service Icon: 1<br>Handicapped icon: 0<br>Delivery: 0<br>lat: 23.029323<br>lng: 120.214191<br>Zip Code: 70941<br>notification: ,,,,,"-1","0","-1",,,AGS,tn-an,台南市,06-251-8259,週一至週日 12:00 - 21:00,06-251-8259,週一至週六 12:00 - 21:00 週日公休,台南市安南區安和路一段158號,"1.0","1.0","0.0","0.0","23.029323","120.214191","70941.0",
宜蘭中山門市,Type: AGS<br>Key: yl-cs<br>City: 宜蘭縣<br>Store Phone: 03-932-6660<br>Operating Hours: 週一至週日 12:00 - 21:00<br>Service Phone: 03-932-6660<br>Service Hours: 週一至週三、週五至週日 12:00 - 21:00 週四公休<br>Address: 宜蘭縣宜蘭市中山路二段518號<br>Shop Icon: 1<br>Service Icon: 1<br>Handicapped icon: 0<br>Delivery: 0<br>lat: 24.754185<br>lng: 121.752543<br>Zip Code: 26047<br>notification: ,,,,,"-1","0","-1",,,AGS,yl-cs,宜蘭縣,03-932-6660,週一至週日 12:00 - 21:00,03-932-6660,週一至週三、週五至週日 12:00 - 21:00 週四公休,宜蘭縣宜蘭市中山路二段518號,"1.0","1.0","0.0","0.0","24.754185","121.752543","26047.0",
中和員山門市,Type: AGS<br>Key: ch-ys<br>City: 新北市<br>Store Phone: 02-2228-6576<br>Operating Hours: 週一至週日 12:00 - 21:00<br>Service Phone: 02-2228-6576<br>Service Hours: 週一至週日 12:00 - 21:00<br>Address: 新北市中和區員山路316號<br>Shop Icon: 1<br>Service Icon: 1<br>Handicapped icon: 0<br>Delivery: 0<br>lat: 25.002994<br>lng: 121.481198<br>Zip Code: 23547<br>notification: ,,,,,"-1","0","-1",,,AGS,ch-ys,新北市,02-2228-6576,週一至週日 12:00 - 21:00,02-2228-6576,週一至週日 12:00 - 21:00,新北市中和區員山路316號,"1.0","1.0","0.0","0.0","25.002994","121.481198","23547.0",
文山木新門市,Type: AGS<br>Key: ws-mx<br>City: 台北市<br>Store Phone: 02-8661-6066<br>Operating Hours: 週一至週日 12:00 - 21:00<br>Service Phone: 02-8661-6066<br>Service Hours: 週一至週日 12:00 - 21:00<br>Address: 台北市文山區木新路三段187號<br>Shop Icon: 1<br>Service Icon: 1<br>Handicapped icon: 0<br>Delivery: 0<br>lat: 24.98153<br>lng: 121.560216<br>Zip Code: 11658<br>notification: ,,,,,"-1","0","-1",,,AGS,ws-mx,台北市,02-8661-6066,週一至週日 12:00 - 21:00,02-8661-6066,週一至週日 12:00 - 21:00,台北市文山區木新路三段187號,"1.0","1.0","0.0","0.0","24.98153","121.560216","11658.0",
三重集賢門市,Type: AGS<br>Key: sc-ch<br>City: 新北市<br>Store Phone: 02-2285-5556<br>Operating Hours: 週一至週日 12:00 - 21:00<br>Service Phone: 02-2285-5556<br>Service Hours: 週一至週日 12:00 - 21:00<br>Address: 新北市三重區集賢路186號<br>Shop Icon: 1<br>Service Icon: 1<br>Handicapped icon: 0<br>Delivery: 0<br>lat: 25.088425<br>lng: 121.484372<br>Zip Code: 24151<br>notification: ,,,,,"-1","0","-1",,,AGS,sc-ch,新北市,02-2285-5556,週一至週日 12:00 - 21:00,02-2285-5556,週一至週日 12:00 - 21:00,新北市三重區集賢路186號,"1.0","1.0","0.0","0.0","25.088425","121.484372","24151.0",
天母忠誠門市,Type: AGS<br>Key: tm-cc<br>City: 台北市<br>Store Phone: 02-8866-6848<br>Operating Hours: 週一至週日 12:00 - 21:00<br>Service Phone: 02-8866-6848<br>Service Hours: 週一至週日 12:00 - 21:00<br>Address: 台北市士林區忠誠路一段101號<br>Shop Icon: 1<br>Service Icon: 1<br>Handicapped icon: 0<br>Delivery: 0<br>lat: 25.105171<br>lng: 121.52853<br>Zip Code: 11148<br>notification: ,,,,,"-1","0","-1",,,AGS,tm-cc,台北市,02-8866-6848,週一至週日 12:00 - 21:00,02-8866-6848,週一至週日 12:00 - 21:00,台北市士林區忠誠路一段101號,"1.0","1.0","0.0","0.0","25.105171","121.52853","11148.0",
台南新營門市,Type: AGS<br>Key: tn-xy<br>City: 台南市<br>Store Phone: 06-632-5105<br>Operating Hours: 週一至週日 12:00 - 21:00<br>Service Phone: 06-632-5105<br>Service Hours: 週一至週日 12:00 - 21:00<br>Address: 台南市新營區民治路62之3號<br>Shop Icon: 1<br>Service Icon: 1<br>Handicapped icon: 0<br>Delivery: 0<br>lat: 23.310799<br>lng: 120.312857<br>Zip Code: 73047<br>notification: ,,,,,"-1","0","-1",,,AGS,tn-xy,台南市,06-632-5105,週一至週日 12:00 - 21:00,06-632-5105,週一至週日 12:00 - 21:00,台南市新營區民治路62之3號,"1.0","1.0","0.0","0.0","23.310799","120.312857","73047.0",
花蓮中華門市,Type: AGS<br>Key: hl-ch<br>City: 花蓮縣<br>Store Phone: 03-836-2929<br>Operating Hours: 週一至週日 12:00 - 21:00<br>Service Phone: 03-836-2929<br>Service Hours: 週一至週日 12:00 - 21:00<br>Address: 花蓮縣花蓮市中華路266號<br>Shop Icon: 1<br>Service Icon: 1<br>Handicapped icon: 0<br>Delivery: 0<br>lat: 23.9753117<br>lng: 121.6002447<br>Zip Code: 97044<br>notification: ,,,,,"-1","0","-1",,,AGS,hl-ch,花蓮縣,03-836-2929,週一至週日 12:00 - 21:00,03-836-2929,週一至週日 12:00 - 21:00,花蓮縣花蓮市中華路266號,"1.0","1.0","0.0","0.0","23.9753117","121.6002447","97044.0",
屏東潮州門市,Type: AGS<br>Key: pt-cz<br>City: 屏東縣<br>Store Phone: 08-789-9858<br>Operating Hours: 週一至週日 12:00 - 21:00<br>Service Phone: 08-789-9858<br>Service Hours: 週一至週日 12:00 - 21:00<br>Address: 屏東縣潮州鎮中山路177號<br>Shop Icon: 1<br>Service Icon: 1<br>Handicapped icon: 0<br>Delivery: 0<br>lat: 22.549765<br>lng: 120.537443<br>Zip Code: 92045<br>notification: ,,,,,"-1","0","-1",,,AGS,pt-cz,屏東縣,08-789-9858,週一至週日 12:00 - 21:00,08-789-9858,週一至週日 12:00 - 21:00,屏東縣潮州鎮中山路177號,"1.0","1.0","0.0","0.0","22.549765","120.537443","92045.0",
新店民權門市,Type: AGS<br>Key: xd-mq<br>City: 新北市<br>Store Phone: 02-2219-7999<br>Operating Hours: 週一至週日 12:00 - 21:00<br>Service Phone: 02-2219-7999<br>Service Hours: 週一至週日 12:00 - 21:00<br>Address: 新北市新店區民權路188號<br>Shop Icon: 1<br>Service Icon: 1<br>Handicapped icon: 0<br>Delivery: 0<br>lat: 24.982985<br>lng: 121.534201<br>Zip Code: 23141<br>notification: ,,,,,"-1","0","-1",,,AGS,xd-mq,新北市,02-2219-7999,週一至週日 12:00 - 21:00,02-2219-7999,週一至週日 12:00 - 21:00,新北市新店區民權路188號,"1.0","1.0","0.0","0.0","24.982985","121.534201","23141.0",
苓雅三多門市,Type: AGS<br>Key: ly-sd<br>City: 高雄市<br>Store Phone: 07-727-9589<br>Operating Hours: 週一至週日 12:00 - 21:00<br>Service Phone: 07-727-9589<br>Service Hours: 週一至週日 12:00 - 21:00<br>Address: 高雄市苓雅區三多一路227號<br>Shop Icon: 1<br>Service Icon: 1<br>Handicapped icon: 0<br>Delivery: 0<br>lat: 22.622389<br>lng: 120.330511<br>Zip Code: 80282<br>notification: ,,,,,"-1","0","-1",,,AGS,ly-sd,高雄市,07-727-9589,週一至週日 12:00 - 21:00,07-727-9589,週一至週日 12:00 - 21:00,高雄市苓雅區三多一路227號,"1.0","1.0","0.0","0.0","22.622389","120.330511","80282.0",
太平樹德門市,Type: AGS<br>Key: tp-sd<br>City: 台中市<br>Store Phone: 04-2395-8529<br>Operating Hours: 週一至週日 12:00 - 21:00<br>Service Phone: 04-2395-8529<br>Service Hours: 週一至週日 12:00 - 21:00<br>Address: 台中市太平區樹德路315號<br>Shop Icon: 1<br>Service Icon: 1<br>Handicapped icon: 0<br>Delivery: 0<br>lat: 24.159809<br>lng: 120.713118<br>Zip Code: 41157<br>notification: ,,,,,"-1","0","-1",,,AGS,tp-sd,台中市,04-2395-8529,週一至週日 12:00 - 21:00,04-2395-8529,週一至週日 12:00 - 21:00,台中市太平區樹德路315號,"1.0","1.0","0.0","0.0","24.159809","120.713118","41157.0",
鳳山五甲門市,Type: AGS<br>Key: fs-wk<br>City: 高雄市<br>Store Phone: 07-710-1188<br>Operating Hours: 週一至週日 11:00 - 21:00<br>Service Phone: 07-710-1188<br>Service Hours: 週一至週日 11:00 - 21:00<br>Address: 高雄市鳳山區五甲一路112號<br>Shop Icon: 1<br>Service Icon: 1<br>Handicapped icon: 0<br>Delivery: 0<br>lat: 22.620792<br>lng: 120.356746<br>Zip Code: 83061<br>notification: 感謝您對Gogoro的支持與愛戴，本店於 08/02（一）舉辦內部會議，保養維修營業時間將調整至 15:00 開始營業，銷售試乘服務維持不變。08/03（二）舉辦內部會議，銷售試乘營業時間將調整至 14:00 開始營業，保養維修服務維持不變。如造成您的不便，敬請見諒。感謝您的配合！,,,,,"-1","0","-1",,,AGS,fs-wk,高雄市,07-710-1188,週一至週日 11:00 - 21:00,07-710-1188,週一至週日 11:00 - 21:00,高雄市鳳山區五甲一路112號,"1.0","1.0","0.0","0.0","22.620792","120.356746","83061.0",感謝您對Gogoro的支持與愛戴，本店於 08/02（一）舉辦內部會議，保養維修營業時間將調整至 15:00 開始營業，銷售試乘服務維持不變。08/03（二）舉辦內部會議，銷售試乘營業時間將調整至 14:00 開始營業，保養維修服務維持不變。如造成您的不便，敬請見諒。感謝您的配合！
三峽復興門市,Type: AGS<br>Key: sx-fx<br>City: 新北市<br>Store Phone: 02-2671-1118<br>Operating Hours: 週一至週日 12:00 - 21:00<br>Service Phone: 02-2671-1118<br>Service Hours: 週一至週日 12:00 - 21:00<br>Address: 新北市三峽區復興路58號<br>Shop Icon: 1<br>Service Icon: 1<br>Handicapped icon: 0<br>Delivery: 0<br>lat: 24.937235<br>lng: 121.373507<br>Zip Code: 23741<br>notification: ,,,,,"-1","0","-1",,,AGS,sx-fx,新北市,02-2671-1118,週一至週日 12:00 - 21:00,02-2671-1118,週一至週日 12:00 - 21:00,新北市三峽區復興路58號,"1.0","1.0","0.0","0.0","24.937235","121.373507","23741.0",
南區建成門市,Type: AGS<br>Key: tc-cc<br>City: 台中市<br>Store Phone: 04-2285-6258<br>Operating Hours: 週一至週日 12:00 - 21:00<br>Service Phone: 04-2285-6258<br>Service Hours: 週一至週六 12:00 - 21:00 週日公休<br>Address: 台中市南區建成路1637號<br>Shop Icon: 1<br>Service Icon: 1<br>Handicapped icon: 0<br>Delivery: 0<br>lat: 24.126282<br>lng: 120.674803<br>Zip Code: 40248<br>notification: ,,,,,"-1","0","-1",,,AGS,tc-cc,台中市,04-2285-6258,週一至週日 12:00 - 21:00,04-2285-6258,週一至週六 12:00 - 21:00 週日公休,台中市南區建成路1637號,"1.0","1.0","0.0","0.0","24.126282","120.674803","40248.0",
員林中山門市,Type: AGS<br>Key: ch-yl<br>City: 彰化縣<br>Store Phone: 04-831-1376<br>Operating Hours: 週一至週日 12:00 - 21:00<br>Service Phone: 04-831-1376<br>Service Hours: 週一至週日 12:00 - 21:00<br>Address: 彰化縣員林市中山路一段578號<br>Shop Icon: 1<br>Service Icon: 1<br>Handicapped icon: 0<br>Delivery: 0<br>lat: 23.954643<br>lng: 120.568526<br>Zip Code: 51047<br>notification: ,,,,,"-1","0","-1",,,AGS,ch-yl,彰化縣,04-831-1376,週一至週日 12:00 - 21:00,04-831-1376,週一至週日 12:00 - 21:00,彰化縣員林市中山路一段578號,"1.0","1.0","0.0","0.0","23.954643","120.568526","51047.0",
斗六明德北門市,Type: AGS<br>Key: dl-md<br>City: 雲林縣<br>Store Phone: 05-551-4996<br>Operating Hours: 週一至週日 12:00 - 21:00<br>Service Phone: 05-551-4996<br>Service Hours: 週一至週四、週六日 12:00 - 21:00 週五公休<br>Address: 雲林縣斗六市明德北路二段350號<br>Shop Icon: 1<br>Service Icon: 1<br>Handicapped icon: 0<br>Delivery: 0<br>lat: 23.715108<br>lng: 120.5351<br>Zip Code: 640<br>notification: ,,,,,"-1","0","-1",,,AGS,dl-md,雲林縣,05-551-4996,週一至週日 12:00 - 21:00,05-551-4996,週一至週四、週六日 12:00 - 21:00 週五公休,雲林縣斗六市明德北路二段350號,"1.0","1.0","0.0","0.0","23.715108","120.5351","640.0",
鼓山青海門市,Type: AGS<br>Key: ks-gx<br>City: 高雄市<br>Store Phone: 07-522-6565<br>Operating Hours: 週一至週日 12:00 - 21:00<br>Service Phone: 07-522-6565<br>Service Hours: 週一至週日 12:00 - 21:00<br>Address: 高雄市鼓山區青海路111號<br>Shop Icon: 1<br>Service Icon: 1<br>Handicapped icon: 0<br>Delivery: 0<br>lat: 22.651196<br>lng: 120.289013<br>Zip Code: 804<br>notification: ,,,,,"-1","0","-1",,,AGS,ks-gx,高雄市,07-522-6565,週一至週日 12:00 - 21:00,07-522-6565,週一至週日 12:00 - 21:00,高雄市鼓山區青海路111號,"1.0","1.0","0.0","0.0","22.651196","120.289013","804.0",
三民九如二門市,Type: AGS<br>Key: ks-smjr<br>City: 高雄市<br>Store Phone: 07-322-2112<br>Operating Hours: 週一至週日 11:00 - 21:00<br>Service Phone: 07-322-2112<br>Service Hours: 週一至週日 11:00 - 21:00<br>Address: 高雄市三民區九如二路318號<br>Shop Icon: 1<br>Service Icon: 1<br>Handicapped icon: 0<br>Delivery: 0<br>lat: 22.641354<br>lng: 120.303933<br>Zip Code: 807<br>notification: 感謝您對Gogoro的支持與愛戴，本店於 08/03（二）舉辦內部會議，銷售試乘營業時間將調整至 14:00 開始營業，保養維修服務維持不變。如造成您的不便，敬請見諒。感謝您的配合！,,,,,"-1","0","-1",,,AGS,ks-smjr,高雄市,07-322-2112,週一至週日 11:00 - 21:00,07-322-2112,週一至週日 11:00 - 21:00,高雄市三民區九如二路318號,"1.0","1.0","0.0","0.0","22.641354","120.303933","807.0",感謝您對Gogoro的支持與愛戴，本店於 08/03（二）舉辦內部會議，銷售試乘營業時間將調整至 14:00 開始營業，保養維修服務維持不變。如造成您的不便，敬請見諒。感謝您的配合！
中壢環中東門市,Type: AGS<br>Key: ty-zlhc<br>City: 桃園市<br>Store Phone: 0901-129-568<br>Operating Hours: 週一至週日 12:00 - 21:00<br>Service Phone: 0901-129-568<br>Service Hours: 週一至週日 12:00 - 21:00<br>Address: 桃園市中壢區環中東路238號<br>Shop Icon: 1<br>Service Icon: 1<br>Handicapped icon: 1<br>Delivery: 0<br>lat: 24.962569<br>lng: 121.255206<br>Zip Code: 320<br>notification: ,,,,,"-1","0","-1",,,AGS,ty-zlhc,桃園市,0901-129-568,週一至週日 12:00 - 21:00,0901-129-568,週一至週日 12:00 - 21:00,桃園市中壢區環中東路238號,"1.0","1.0","1.0","0.0","24.962569","121.255206","320.0",
北區中清服務中心,Type: GSC<br>Key: tc-sl<br>City: 台中市<br>Store Phone: 0919-992-665<br>Operating Hours: 週一至週日 11:00 - 21:00<br>Service Phone: 04-2206-0365<br>Service Hours: 週一至週日 11:00 - 21:00<br>Address: 台中市北區中清路一段328號<br>Shop Icon: 0<br>Service Icon: 1<br>Handicapped icon: 0<br>Delivery: 0<br>lat: 24.160952<br>lng: 120.675482<br>Zip Code: 404<br>notification: ,,,,,"-1","0","-1",,,GSC,tc-sl,台中市,0919-992-665,週一至週日 11:00 - 21:00,04-2206-0365,週一至週日 11:00 - 21:00,台中市北區中清路一段328號,"0.0","1.0","0.0","0.0","24.160952","120.675482","404.0",
北屯中清門市,Type: AGS<br>Key: pt-cc<br>City: 台中市<br>Store Phone: 04-2298-0008<br>Operating Hours: 週一至週日 12:00 - 21:00<br>Service Phone: 04-2298-0008<br>Service Hours: 週一至週日 12:00 - 21:00<br>Address: 台中市北屯區中清路二段592號<br>Shop Icon: 1<br>Service Icon: 1<br>Handicapped icon: 0<br>Delivery: 0<br>lat: 24.183112<br>lng: 120.665911<br>Zip Code: 406<br>notification: ,,,,,"-1","0","-1",,,AGS,pt-cc,台中市,04-2298-0008,週一至週日 12:00 - 21:00,04-2298-0008,週一至週日 12:00 - 21:00,台中市北屯區中清路二段592號,"1.0","1.0","0.0","0.0","24.183112","120.665911","406.0",
草屯太平門市,Type: AGS<br>Key: ct-tp<br>City: 南投縣<br>Store Phone: 04-9232-0060<br>Operating Hours: 週一至週日 12:00 - 21:00<br>Service Phone: 04-9232-0060<br>Service Hours: 週一至週日 12:00 - 21:00<br>Address: 南投縣草屯鎮太平路二段66號<br>Shop Icon: 1<br>Service Icon: 1<br>Handicapped icon: 0<br>Delivery: 0<br>lat: 23.971204<br>lng: 120.6832<br>Zip Code: 542<br>notification: ,,,,,"-1","0","-1",,,AGS,ct-tp,南投縣,04-9232-0060,週一至週日 12:00 - 21:00,04-9232-0060,週一至週日 12:00 - 21:00,南投縣草屯鎮太平路二段66號,"1.0","1.0","0.0","0.0","23.971204","120.6832","542.0",
泰山明志門市,Type: AGS<br>Key: ts-mc<br>City: 新北市<br>Store Phone: 02-2901-2558<br>Operating Hours: 週一至週日 12:00 - 21:00<br>Service Phone: 02-2901-2558<br>Service Hours: 週一至週日 12:00 - 21:00<br>Address: 新北市泰山區明志路三段81號<br>Shop Icon: 1<br>Service Icon: 1<br>Handicapped icon: 0<br>Delivery: 0<br>lat: 25.042055<br>lng: 121.425087<br>Zip Code: 243<br>notification: ,,,,,"-1","0","-1",,,AGS,ts-mc,新北市,02-2901-2558,週一至週日 12:00 - 21:00,02-2901-2558,週一至週日 12:00 - 21:00,新北市泰山區明志路三段81號,"1.0","1.0","0.0","0.0","25.042055","121.425087","243.0",
東港光復門市,Type: AGS<br>Key: tk-kf<br>City: 屏東縣<br>Store Phone: 08-832-2368<br>Operating Hours: 週一至週日 12:00 - 21:00<br>Service Phone: 08-832-2368<br>Service Hours: 週一至週日 12:00 - 21:00<br>Address: 屏東縣東港鎮光復路一段162號<br>Shop Icon: 1<br>Service Icon: 1<br>Handicapped icon: 0<br>Delivery: 0<br>lat: 22.470206<br>lng: 120.45853<br>Zip Code: 928<br>notification: ,,,,,"-1","0","-1",,,AGS,tk-kf,屏東縣,08-832-2368,週一至週日 12:00 - 21:00,08-832-2368,週一至週日 12:00 - 21:00,屏東縣東港鎮光復路一段162號,"1.0","1.0","0.0","0.0","22.470206","120.45853","928.0",
朴子山通門市,Type: AGS<br>Key: fz-st<br>City: 嘉義縣<br>Store Phone: 05-379-9086<br>Operating Hours: 週一至週日 12:00 - 21:00<br>Service Phone: 05-379-9086<br>Service Hours: 週一至週日 12:00 - 21:00<br>Address: 嘉義縣朴子市山通路202號<br>Shop Icon: 1<br>Service Icon: 1<br>Handicapped icon: 0<br>Delivery: 0<br>lat: 23.464199<br>lng: 120.241738<br>Zip Code: 61341<br>notification: ,,,,,"-1","0","-1",,,AGS,fz-st,嘉義縣,05-379-9086,週一至週日 12:00 - 21:00,05-379-9086,週一至週日 12:00 - 21:00,嘉義縣朴子市山通路202號,"1.0","1.0","0.0","0.0","23.464199","120.241738","61341.0",
善化大成門市,Type: AGS<br>Key: zh-dc<br>City: 台南市<br>Store Phone: 06-583-3838<br>Operating Hours: 週一至週日 12:00 - 21:00<br>Service Phone: 06-583-3838<br>Service Hours: 週一至週日 12:00 - 21:00<br>Address: 台南市善化區大成路291號<br>Shop Icon: 1<br>Service Icon: 1<br>Handicapped icon: 0<br>Delivery: 0<br>lat: 23.129779<br>lng: 120.298407<br>Zip Code: 74169<br>notification: ,,,,,"-1","0","-1",,,AGS,zh-dc,台南市,06-583-3838,週一至週日 12:00 - 21:00,06-583-3838,週一至週日 12:00 - 21:00,台南市善化區大成路291號,"1.0","1.0","0.0","0.0","23.129779","120.298407","74169.0",
羅東中正門市,Type: AGS<br>Key: lt-cc<br>City: 宜蘭縣<br>Store Phone: 03-955-7789<br>Operating Hours: 週一至週日 12:00 - 21:00<br>Service Phone: 03-955-7789<br>Service Hours: 週一至週日 12:00 - 21:00<br>Address: 宜蘭縣羅東鎮中正路160號<br>Shop Icon: 1<br>Service Icon: 1<br>Handicapped icon: 0<br>Delivery: 0<br>lat: 24.677084<br>lng: 121.771718<br>Zip Code: 26547<br>notification: ,,,,,"-1","0","-1",,,AGS,lt-cc,宜蘭縣,03-955-7789,週一至週日 12:00 - 21:00,03-955-7789,週一至週日 12:00 - 21:00,宜蘭縣羅東鎮中正路160號,"1.0","1.0","0.0","0.0","24.677084","121.771718","26547.0",
基隆義一門市,Type: AGS<br>Key: cl-ii<br>City: 基隆市<br>Store Phone: 02-2428-3838<br>Operating Hours: 週一至週日 12:00 - 21:00<br>Service Phone: 02-2428-3838<br>Service Hours: 週一至週日 12:00 - 21:00<br>Address: 基隆市中正區義一路87號<br>Shop Icon: 1<br>Service Icon: 1<br>Handicapped icon: 0<br>Delivery: 0<br>lat: 25.134767<br>lng: 121.74671<br>Zip Code: 20241<br>notification: ,,,,,"-1","0","-1",,,AGS,cl-ii,基隆市,02-2428-3838,週一至週日 12:00 - 21:00,02-2428-3838,週一至週日 12:00 - 21:00,基隆市中正區義一路87號,"1.0","1.0","0.0","0.0","25.134767","121.74671","20241.0",
淡水鼻頭門市,Type: AGS<br>Key: xp-dx<br>City: 新北市<br>Store Phone: 02-2626-8815<br>Operating Hours: 週一至週日 12:00 - 21:00<br>Service Phone: 02-2626-8815<br>Service Hours: 週一至週日 12:00 - 21:00<br>Address: 新北市淡水區鼻頭街1號<br>Shop Icon: 1<br>Service Icon: 1<br>Handicapped icon: 0<br>Delivery: 0<br>lat: 25.167226<br>lng: 121.447322<br>Zip Code: 25147<br>notification: ,,,,,"-1","0","-1",,,AGS,xp-dx,新北市,02-2626-8815,週一至週日 12:00 - 21:00,02-2626-8815,週一至週日 12:00 - 21:00,新北市淡水區鼻頭街1號,"1.0","1.0","0.0","0.0","25.167226","121.447322","25147.0",
馬公同和門市,Type: AGS<br>Key: JDGL<br>City: 澎湖縣<br>Store Phone: 06-926-8686<br>Operating Hours: 週一至週日 12:00 - 21:00<br>Service Phone: 06-926-8686<br>Service Hours: 週一至週日 12:00 - 21:00<br>Address: 澎湖縣馬公市同和路158號<br>Shop Icon: 1<br>Service Icon: 1<br>Handicapped icon: 0<br>Delivery: 0<br>lat: 23.567429<br>lng: 119.571722<br>Zip Code: 88048<br>notification: ,,,,,"-1","0","-1",,,AGS,JDGL,澎湖縣,06-926-8686,週一至週日 12:00 - 21:00,06-926-8686,週一至週日 12:00 - 21:00,澎湖縣馬公市同和路158號,"1.0","1.0","0.0","0.0","23.567429","119.571722","88048.0",
新豐學府門市,Type: AGS<br>Key: MRCS0001<br>City: 新竹縣<br>Store Phone: 03-557-1075<br>Operating Hours: 週一至週日 12:00 - 21:00<br>Service Phone: 03-557-1075<br>Service Hours: 週一至週日 12:00 - 21:00<br>Address: 新竹縣新豐鄉學府街59號<br>Shop Icon: 1<br>Service Icon: 1<br>Handicapped icon: 0<br>Delivery: 0<br>lat: 24.873304<br>lng: 120.998183<br>Zip Code: 30443<br>notification: ,,,,,"-1","0","-1",,,AGS,MRCS0001,新竹縣,03-557-1075,週一至週日 12:00 - 21:00,03-557-1075,週一至週日 12:00 - 21:00,新竹縣新豐鄉學府街59號,"1.0","1.0","0.0","0.0","24.873304","120.998183","30443.0",
台東新生門市,Type: AGS<br>Key: PTC31610<br>City: 台東市<br>Store Phone: 089-336-898<br>Operating Hours: 週一至週日 12:00 - 21:00<br>Service Phone: 089-338-698<br>Service Hours: 週一至週日 12:00 - 21:00<br>Address: 台東市新生路191之1號<br>Shop Icon: 1<br>Service Icon: 1<br>Handicapped icon: 0<br>Delivery: 0<br>lat: 22.755202<br>lng: 121.144926<br>Zip Code: 95053<br>notification: ,,,,,"-1","0","-1",,,AGS,PTC31610,台東市,089-336-898,週一至週日 12:00 - 21:00,089-338-698,週一至週日 12:00 - 21:00,台東市新生路191之1號,"1.0","1.0","0.0","0.0","22.755202","121.144926","95053.0",
東勢豐勢服務中心,Type: AGS<br>Key: TGS31602<br>City: 台中市<br>Store Phone: --<br>Operating Hours: --<br>Service Phone: 04-2588-8025<br>Service Hours: 週一至週二、週四至週日 12:00 - 21:00 週三公休<br>Address: 台中市東勢區豐勢路263號<br>Shop Icon: 0<br>Service Icon: 1<br>Handicapped icon: 0<br>Delivery: 0<br>lat: 24.252821<br>lng: 120.829743<br>Zip Code: 423<br>notification: ,,,,,"-1","0","-1",,,AGS,TGS31602,台中市,--,--,04-2588-8025,週一至週二、週四至週日 12:00 - 21:00 週三公休,台中市東勢區豐勢路263號,"0.0","1.0","0.0","0.0","24.252821","120.829743","423.0",
虎尾光復門市,Type: AGS<br>Key: LAVIS001<br>City: 雲林縣<br>Store Phone: 05-636-0365<br>Operating Hours: 週一至週日 12:00 - 21:00<br>Service Phone: 05-636-0365<br>Service Hours: 週一至週日 12:00 - 21:00<br>Address: 雲林縣虎尾鎮光復路478號<br>Shop Icon: 1<br>Service Icon: 1<br>Handicapped icon: 0<br>Delivery: 0<br>lat: 23.711222<br>lng: 120.433844<br>Zip Code: 632<br>notification: ,,,,,"-1","0","-1",,,AGS,LAVIS001,雲林縣,05-636-0365,週一至週日 12:00 - 21:00,05-636-0365,週一至週日 12:00 - 21:00,雲林縣虎尾鎮光復路478號,"1.0","1.0","0.0","0.0","23.711222","120.433844","632.0",
桃園三民服務中心,Type: GSC<br>Key: ES316023<br>City: 桃園市<br>Store Phone: --<br>Operating Hours: --<br>Service Phone: 03-376-6135<br>Service Hours: 週一、週三至週日 12:00 - 21:00 週二公休<br>Address: 桃園市桃園區三民路三段591號<br>Shop Icon: 0<br>Service Icon: 1<br>Handicapped icon: 0<br>Delivery: 0<br>lat: 24.983596<br>lng: 121.307652<br>Zip Code: 330<br>notification: ,,,,,"-1","0","-1",,,GSC,ES316023,桃園市,--,--,03-376-6135,週一、週三至週日 12:00 - 21:00 週二公休,桃園市桃園區三民路三段591號,"0.0","1.0","0.0","0.0","24.983596","121.307652","330.0",
平鎮中豐服務中心,Type: GSC<br>Key: VC316A15<br>City: 桃園市<br>Store Phone: 03-428-0859<br>Operating Hours: 週一至週六 12:00 - 21:00<br>Service Phone: 03-428-0859<br>Service Hours: 週一至週日 12:00 - 21:00<br>Address: 桃園市平鎮區中豐路309號<br>Shop Icon: 0<br>Service Icon: 1<br>Handicapped icon: 0<br>Delivery: 0<br>lat: 24.943087<br>lng: 121.216753<br>Zip Code: 324<br>notification: ,,,,,"-1","0","-1",,,GSC,VC316A15,桃園市,03-428-0859,週一至週六 12:00 - 21:00,03-428-0859,週一至週日 12:00 - 21:00,桃園市平鎮區中豐路309號,"0.0","1.0","0.0","0.0","24.943087","121.216753","324.0",
屏東和平服務中心,Type: GSC<br>Key: PTC31609<br>City: 屏東縣<br>Store Phone: --<br>Operating Hours: --<br>Service Phone: 08-732-8895<br>Service Hours: 週一至週日 12:00 - 21:00<br>Address: 屏東縣屏東市和平路459號<br>Shop Icon: 0<br>Service Icon: 1<br>Handicapped icon: 0<br>Delivery: 0<br>lat: 22.679892<br>lng: 120.477539<br>Zip Code: 90064<br>notification: ,,,,,"-1","0","-1",,,GSC,PTC31609,屏東縣,--,--,08-732-8895,週一至週日 12:00 - 21:00,屏東縣屏東市和平路459號,"0.0","1.0","0.0","0.0","22.679892","120.477539","90064.0",
南屯五權西門市,Type: AGS<br>Key: TGS31603<br>City: 台中市<br>Store Phone: 04-2475-0508<br>Operating Hours: 週一至週日 12:00 - 21:00<br>Service Phone: 04-2475-0508<br>Service Hours: 週一至週日 12:00 - 21:00<br>Address: 台中市南屯區五權西路二段361號<br>Shop Icon: 1<br>Service Icon: 1<br>Handicapped icon: 0<br>Delivery: 0<br>lat: 24.139977<br>lng: 120.646154<br>Zip Code: 408<br>notification: ,,,,,"-1","0","-1",,,AGS,TGS31603,台中市,04-2475-0508,週一至週日 12:00 - 21:00,04-2475-0508,週一至週日 12:00 - 21:00,台中市南屯區五權西路二段361號,"1.0","1.0","0.0","0.0","24.139977","120.646154","408.0",
板橋民生門市,Type: AGS<br>Key: LXS31605<br>City: 新北市<br>Store Phone: 02-2252-2228<br>Operating Hours: 週一至週日 12:00 - 21:00<br>Service Phone: 02-2252-2228<br>Service Hours: 週一至週日 12:00 - 21:00<br>Address: 新北市板橋區民生路三段68-1號<br>Shop Icon: 1<br>Service Icon: 1<br>Handicapped icon: 0<br>Delivery: 0<br>lat: 25.026004<br>lng: 121.466962<br>Zip Code: 220<br>notification: ,,,,,"-1","0","-1",,,AGS,LXS31605,新北市,02-2252-2228,週一至週日 12:00 - 21:00,02-2252-2228,週一至週日 12:00 - 21:00,新北市板橋區民生路三段68-1號,"1.0","1.0","0.0","0.0","25.026004","121.466962","220.0",
新竹東勝門市,Type: AGS<br>Key: MRCS0002<br>City: 新竹市<br>Store Phone: 03-573-3050<br>Operating Hours: 週一至週日 12:00 - 21:00<br>Service Phone: 03-573-3050<br>Service Hours: 週一至週日 12:00 - 21:00<br>Address: 新竹市東區東勝路5號<br>Shop Icon: 1<br>Service Icon: 1<br>Handicapped icon: 0<br>Delivery: 0<br>lat: 24.803613<br>lng: 120.987642<br>Zip Code: 300<br>notification: ,,,,,"-1","0","-1",,,AGS,MRCS0002,新竹市,03-573-3050,週一至週日 12:00 - 21:00,03-573-3050,週一至週日 12:00 - 21:00,新竹市東區東勝路5號,"1.0","1.0","0.0","0.0","24.803613","120.987642","300.0",
鹿港民族門市,Type: AGS<br>Key: YLQSC001<br>City: 彰化縣<br>Store Phone: 04-777-8007<br>Operating Hours: 週一至週日 12:00 - 21:00<br>Service Phone: 04-777-8007<br>Service Hours: 週一至週日 12:00 - 21:00<br>Address: 彰化縣鹿港鎮民族路83號<br>Shop Icon: 1<br>Service Icon: 1<br>Handicapped icon: 0<br>Delivery: 0<br>lat: 24.055613<br>lng: 120.436264<br>Zip Code: 505<br>notification: ,,,,,"-1","0","-1",,,AGS,YLQSC001,彰化縣,04-777-8007,週一至週日 12:00 - 21:00,04-777-8007,週一至週日 12:00 - 21:00,彰化縣鹿港鎮民族路83號,"1.0","1.0","0.0","0.0","24.055613","120.436264","505.0",
士林承德服務中心,Type: GSC<br>Key: VC316A21<br>City: 台北市<br>Store Phone: --<br>Operating Hours: --<br>Service Phone: 02-2883-6878<br>Service Hours: 週一至週日 09:00 - 21:00<br>Address: 台北市士林區承德路四段340號<br>Shop Icon: 0<br>Service Icon: 1<br>Handicapped icon: 0<br>Delivery: 0<br>lat: 25.090281<br>lng: 121.517426<br>Zip Code: 111<br>notification: ,,,,,"-1","0","-1",,,GSC,VC316A21,台北市,--,--,02-2883-6878,週一至週日 09:00 - 21:00,台北市士林區承德路四段340號,"0.0","1.0","0.0","0.0","25.090281","121.517426","111.0",
板橋南雅西服務中心,Type: GSC<br>Key: EC316024<br>City: 新北市<br>Store Phone: --<br>Operating Hours: --<br>Service Phone: 02-8965-1818<br>Service Hours: 週一至週日 12:00 - 21:00<br>Address: 新北市板橋區南雅西路二段247號<br>Shop Icon: 0<br>Service Icon: 1<br>Handicapped icon: 0<br>Delivery: 0<br>lat: 25.014744<br>lng: 121.451667<br>Zip Code: 220<br>notification: ,,,,,"-1","0","-1",,,GSC,EC316024,新北市,--,--,02-8965-1818,週一至週日 12:00 - 21:00,新北市板橋區南雅西路二段247號,"0.0","1.0","0.0","0.0","25.014744","121.451667","220.0",
沙鹿中山門市,Type: AGS<br>Key: MEC31602<br>City: 台中市<br>Store Phone: 04-2662-2960<br>Operating Hours: 週一至週日 12:00 - 21:00<br>Service Phone: 04-2662-2961<br>Service Hours: 週一至週日 12:00 - 21:00<br>Address: 台中市沙鹿區中山路370號<br>Shop Icon: 1<br>Service Icon: 1<br>Handicapped icon: 0<br>Delivery: 0<br>lat: 24.241718<br>lng: 120.561145<br>Zip Code: 433<br>notification: ,,,,,"-1","0","-1",,,AGS,MEC31602,台中市,04-2662-2960,週一至週日 12:00 - 21:00,04-2662-2961,週一至週日 12:00 - 21:00,台中市沙鹿區中山路370號,"1.0","1.0","0.0","0.0","24.241718","120.561145","433.0",
台南文賢服務中心,Type: GSC<br>Key: SRC00002<br>City: 台南市<br>Store Phone: --<br>Operating Hours: --<br>Service Phone: 0966-015-996<br>Service Hours: 週一至週日 12:00 - 21:00<br>Address: 台南市北區文賢路470號<br>Shop Icon: 0<br>Service Icon: 1<br>Handicapped icon: 0<br>Delivery: 0<br>lat: 23.005999<br>lng: 120.193706<br>Zip Code: 704<br>notification: ,,,,,"-1","0","-1",,,GSC,SRC00002,台南市,--,--,0966-015-996,週一至週日 12:00 - 21:00,台南市北區文賢路470號,"0.0","1.0","0.0","0.0","23.005999","120.193706","704.0",
新莊民安門市,Type: AGS<br>Key: YCS31602<br>City: 新北市<br>Store Phone: 02-2201-3977<br>Operating Hours: 週一至週日 12:00 - 21:00<br>Service Phone: 02-2201-3977<br>Service Hours: 週一至週日 12:00 - 21:00<br>Address: 新北市新莊區民安路180巷6號<br>Shop Icon: 1<br>Service Icon: 1<br>Handicapped icon: 0<br>Delivery: 0<br>lat: 25.023792<br>lng: 121.424899<br>Zip Code: 242<br>notification: ,,,,,"-1","0","-1",,,AGS,YCS31602,新北市,02-2201-3977,週一至週日 12:00 - 21:00,02-2201-3977,週一至週日 12:00 - 21:00,新北市新莊區民安路180巷6號,"1.0","1.0","0.0","0.0","25.023792","121.424899","242.0",
西屯甘肅服務中心,Type: GSC<br>Key: EC316025<br>City: 台中市<br>Store Phone: --<br>Operating Hours: --<br>Service Phone: 04-2317-5711<br>Service Hours: 週一至週日 11:00 - 21:00<br>Address: 台中市西屯區甘肅路二段48號<br>Shop Icon: 0<br>Service Icon: 1<br>Handicapped icon: 0<br>Delivery: 0<br>lat: 24.171466<br>lng: 120.655929<br>Zip Code: 407<br>notification: ,,,,,"-1","0","-1",,,GSC,EC316025,台中市,--,--,04-2317-5711,週一至週日 11:00 - 21:00,台中市西屯區甘肅路二段48號,"0.0","1.0","0.0","0.0","24.171466","120.655929","407.0",
南屯大墩十四服務中心,Type: GSC<br>Key: EC316026<br>City: 台中市<br>Store Phone: --<br>Operating Hours: --<br>Service Phone: 04-2250-0655<br>Service Hours: 週一至週日 12:00 - 21:00<br>Address: 台中市南屯區大墩十四街352號<br>Shop Icon: 0<br>Service Icon: 1<br>Handicapped icon: 0<br>Delivery: 0<br>lat: 24.152577<br>lng: 120.645495<br>Zip Code: 408<br>notification: ,,,,,"-1","0","-1",,,GSC,EC316026,台中市,--,--,04-2250-0655,週一至週日 12:00 - 21:00,台中市南屯區大墩十四街352號,"0.0","1.0","0.0","0.0","24.152577","120.645495","408.0",
佳里義民門市,Type: AGS<br>Key: TNLJS002<br>City: 台南市<br>Store Phone: 06-722-2123<br>Operating Hours: 週一至週日 12:00 - 21:00<br>Service Phone: 06-722-2123<br>Service Hours: 週一至週日 12:00 - 21:00<br>Address: 台南市佳里區義民街240號<br>Shop Icon: 1<br>Service Icon: 1<br>Handicapped icon: 0<br>Delivery: 0<br>lat: 23.16147<br>lng: 120.175422<br>Zip Code: 722<br>notification: ,,,,,"-1","0","-1",,,AGS,TNLJS002,台南市,06-722-2123,週一至週日 12:00 - 21:00,06-722-2123,週一至週日 12:00 - 21:00,台南市佳里區義民街240號,"1.0","1.0","0.0","0.0","23.16147","120.175422","722.0",
大雅學府門市,Type: AGS<br>Key: TGC31604<br>City: 台中市<br>Store Phone: 04-2567-1118<br>Operating Hours: 週一至週日 12:00 - 21:00<br>Service Phone: 04-2567-1118<br>Service Hours: 週一至週日 12:00 - 21:00<br>Address: 台中市大雅區學府路143號<br>Shop Icon: 1<br>Service Icon: 1<br>Handicapped icon: 0<br>Delivery: 0<br>lat: 24.220179<br>lng: 120.650143<br>Zip Code: 428<br>notification: ,,,,,"-1","0","-1",,,AGS,TGC31604,台中市,04-2567-1118,週一至週日 12:00 - 21:00,04-2567-1118,週一至週日 12:00 - 21:00,台中市大雅區學府路143號,"1.0","1.0","0.0","0.0","24.220179","120.650143","428.0",
歸仁中山門市,Type: AGS<br>Key: RNC31603<br>City: 台南市<br>Store Phone: 06-230-5777<br>Operating Hours: 週一至週日 12:00 - 21:00<br>Service Phone: 06-230-5777<br>Service Hours: 週一至週日 12:00 - 21:00<br>Address: 台南市歸仁區中山路三段307號<br>Shop Icon: 1<br>Service Icon: 1<br>Handicapped icon: 0<br>Delivery: 0<br>lat: 22.968195<br>lng: 120.28044<br>Zip Code: 711<br>notification: ,,,,,"-1","0","-1",,,AGS,RNC31603,台南市,06-230-5777,週一至週日 12:00 - 21:00,06-230-5777,週一至週日 12:00 - 21:00,台南市歸仁區中山路三段307號,"1.0","1.0","0.0","0.0","22.968195","120.28044","711.0",
頭份自強門市,Type: AGS<br>Key: SRS00001<br>City: 苗栗縣<br>Store Phone: 0979-899-216<br>Operating Hours: 週一至週日 12:00 - 21:00<br>Service Phone: 0979-899-216<br>Service Hours: 週一至週日 12:00 - 21:00<br>Address: 苗栗縣頭份市自強路216號<br>Shop Icon: 1<br>Service Icon: 1<br>Handicapped icon: 0<br>Delivery: 0<br>lat: 24.686911<br>lng: 120.905386<br>Zip Code: 351<br>notification: ,,,,,"-1","0","-1",,,AGS,SRS00001,苗栗縣,0979-899-216,週一至週日 12:00 - 21:00,0979-899-216,週一至週日 12:00 - 21:00,苗栗縣頭份市自強路216號,"1.0","1.0","0.0","0.0","24.686911","120.905386","351.0",
新竹關新服務中心,Type: GSC<br>Key: VC316B23<br>City: 新竹市<br>Store Phone: --<br>Operating Hours: --<br>Service Phone: 03-668-7816<br>Service Hours: 週一至週六 12:00 - 21:00 週日公休<br>Address: 新竹市東區關新路215號<br>Shop Icon: 0<br>Service Icon: 1<br>Handicapped icon: 0<br>Delivery: 0<br>lat: 24.787948<br>lng: 121.020019<br>Zip Code: 300<br>notification: 感謝您對Gogoro的支持與愛戴，本店營業時間因故調整：08/08（日）店休一天。如造成您的不便，敬請見諒。感謝您的配合！,,,,,"-1","0","-1",,,GSC,VC316B23,新竹市,--,--,03-668-7816,週一至週六 12:00 - 21:00 週日公休,新竹市東區關新路215號,"0.0","1.0","0.0","0.0","24.787948","121.020019","300.0",感謝您對Gogoro的支持與愛戴，本店營業時間因故調整：08/08（日）店休一天。如造成您的不便，敬請見諒。感謝您的配合！
龍潭中正門市,Type: AGS<br>Key: MRCC0003<br>City: 桃園市<br>Store Phone: 03-499-3810<br>Operating Hours: 週一至週日 12:00 - 21:00<br>Service Phone: 03-499-3810<br>Service Hours: 週一至週日 12:00 - 21:00<br>Address: 桃園市龍潭區中正路323號<br>Shop Icon: 1<br>Service Icon: 1<br>Handicapped icon: 0<br>Delivery: 0<br>lat: 24.861686<br>lng: 121.21806<br>Zip Code: 325<br>notification: ,,,,,"-1","0","-1",,,AGS,MRCC0003,桃園市,03-499-3810,週一至週日 12:00 - 21:00,03-499-3810,週一至週日 12:00 - 21:00,桃園市龍潭區中正路323號,"1.0","1.0","0.0","0.0","24.861686","121.21806","325.0",
鳳山中山西服務中心,Type: GSC<br>Key: TJC31602<br>City: 高雄市<br>Store Phone: --<br>Operating Hours: --<br>Service Phone: 07-790-5775<br>Service Hours: 週一至週日 10:00 - 21:00<br>Address: 高雄市鳳山區中山西路260號<br>Shop Icon: 0<br>Service Icon: 1<br>Handicapped icon: 0<br>Delivery: 0<br>lat: 22.628282<br>lng: 120.345273<br>Zip Code: 830<br>notification: 感謝您對Gogoro的支持與愛戴，本店於 08/02（一）舉辦內部會議，營業時間將調整至 15:00 開始營業。如造成您的不便，敬請見諒。感謝您的配合！,,,,,"-1","0","-1",,,GSC,TJC31602,高雄市,--,--,07-790-5775,週一至週日 10:00 - 21:00,高雄市鳳山區中山西路260號,"0.0","1.0","0.0","0.0","22.628282","120.345273","830.0",感謝您對Gogoro的支持與愛戴，本店於 08/02（一）舉辦內部會議，營業時間將調整至 15:00 開始營業。如造成您的不便，敬請見諒。感謝您的配合！
左營自由四服務中心,Type: GSC<br>Key: TJC31603<br>City: 高雄市<br>Store Phone: --<br>Operating Hours: --<br>Service Phone: 07-310-1135<br>Service Hours: 週一至週日 10:00 - 21:00<br>Address: 高雄市左營區自由四路433號<br>Shop Icon: 0<br>Service Icon: 1<br>Handicapped icon: 0<br>Delivery: 0<br>lat: 22.686938<br>lng: 120.317877<br>Zip Code: 813<br>notification: ,,,,,"-1","0","-1",,,GSC,TJC31603,高雄市,--,--,07-310-1135,週一至週日 10:00 - 21:00,高雄市左營區自由四路433號,"0.0","1.0","0.0","0.0","22.686938","120.317877","813.0",
新莊仁愛服務中心,Type: GSC<br>Key: EC316027<br>City: 新北市<br>Store Phone: --<br>Operating Hours: --<br>Service Phone: 02-2277-6639<br>Service Hours: 週一至週日 12:00 - 21:00<br>Address: 新北市新莊區仁愛街32號<br>Shop Icon: 0<br>Service Icon: 1<br>Handicapped icon: 0<br>Delivery: 0<br>lat: 25.036612<br>lng: 121.444362<br>Zip Code: 242<br>notification: ,,,,,"-1","0","-1",,,GSC,EC316027,新北市,--,--,02-2277-6639,週一至週日 12:00 - 21:00,新北市新莊區仁愛街32號,"0.0","1.0","0.0","0.0","25.036612","121.444362","242.0",
桃園文中服務中心,Type: GSC<br>Key: VC316B20<br>City: 桃園市<br>Store Phone: --<br>Operating Hours: --<br>Service Phone: 0906-736-996<br>Service Hours: 週一、週三至週日 12:00 - 21:00 週二公休<br>Address: 桃園市桃園區文中路663號<br>Shop Icon: 0<br>Service Icon: 1<br>Handicapped icon: 0<br>Delivery: 0<br>lat: 24.993455<br>lng: 121.27722<br>Zip Code: 330<br>notification: ,,,,,"-1","0","-1",,,GSC,VC316B20,桃園市,--,--,0906-736-996,週一、週三至週日 12:00 - 21:00 週二公休,桃園市桃園區文中路663號,"0.0","1.0","0.0","0.0","24.993455","121.27722","330.0",
台中中港門市,Type: GS<br>Key: ES313012<br>City: 台中市<br>Store Phone: 0981-138-222<br>Operating Hours: 週一至週日 12:00 - 21:00<br>Service Phone: 0981-110-333<br>Service Hours: 週一至週日 12:00 - 21:00<br>Address: 台中市西屯區台灣大道四段771號<br>Shop Icon: 1<br>Service Icon: 1<br>Handicapped icon: 0<br>Delivery: 1<br>lat: 24.180804<br>lng: 120.619412<br>Zip Code: 407<br>notification: ,,,,,"-1","0","-1",,,GS,ES313012,台中市,0981-138-222,週一至週日 12:00 - 21:00,0981-110-333,週一至週日 12:00 - 21:00,台中市西屯區台灣大道四段771號,"1.0","1.0","0.0","1.0","24.180804","120.619412","407.0",
大寮鳳林三門市,Type: AGS<br>Key: TJC31604<br>City: 高雄市<br>Store Phone: 07-782-2156<br>Operating Hours: 週一至週日 11:00 - 21:00<br>Service Phone: 07-782-2156<br>Service Hours: 週一至週日 11:00 - 21:00<br>Address: 高雄市大寮區鳳林三路420號<br>Shop Icon: 1<br>Service Icon: 1<br>Handicapped icon: 0<br>Delivery: 0<br>lat: 22.603896<br>lng: 120.396296<br>Zip Code: 831<br>notification: 感謝您對Gogoro的支持與愛戴，本店於 08/03（二）舉辦內部會議，銷售試乘營業時間將調整至 14:00 開始營業，保養維修服務維持不變。如造成您的不便，敬請見諒。感謝您的配合！,,,,,"-1","0","-1",,,AGS,TJC31604,高雄市,07-782-2156,週一至週日 11:00 - 21:00,07-782-2156,週一至週日 11:00 - 21:00,高雄市大寮區鳳林三路420號,"1.0","1.0","0.0","0.0","22.603896","120.396296","831.0",感謝您對Gogoro的支持與愛戴，本店於 08/03（二）舉辦內部會議，銷售試乘營業時間將調整至 14:00 開始營業，保養維修服務維持不變。如造成您的不便，敬請見諒。感謝您的配合！
西屯福星北服務中心,Type: GSC<br>Key: TGC31605<br>City: 台中市<br>Store Phone: --<br>Operating Hours: --<br>Service Phone: 04-2452-3119<br>Service Hours: 週一至週日 12:00 - 21:00<br>Address: 台中市西屯區福星北路35號<br>Shop Icon: 0<br>Service Icon: 1<br>Handicapped icon: 0<br>Delivery: 0<br>lat: 24.183862<br>lng: 120.644497<br>Zip Code: 407<br>notification: ,,,,,"-1","0","-1",,,GSC,TGC31605,台中市,--,--,04-2452-3119,週一至週日 12:00 - 21:00,台中市西屯區福星北路35號,"0.0","1.0","0.0","0.0","24.183862","120.644497","407.0",
北投文林北服務中心,Type: GSC<br>Key: EC316028<br>City: 台北市<br>Store Phone: --<br>Operating Hours: --<br>Service Phone: 02-2828-0577<br>Service Hours: 週一至週日 09:00 - 21:00<br>Address: 台北市北投區文林北路228號<br>Shop Icon: 0<br>Service Icon: 1<br>Handicapped icon: 0<br>Delivery: 0<br>lat: 25.108484<br>lng: 121.51404<br>Zip Code: 112<br>notification: ,,,,,"-1","0","-1",,,GSC,EC316028,台北市,--,--,02-2828-0577,週一至週日 09:00 - 21:00,台北市北投區文林北路228號,"0.0","1.0","0.0","0.0","25.108484","121.51404","112.0",
蘆竹南崁服務中心,Type: GSC<br>Key: VC316B15<br>City: 桃園市<br>Store Phone: --<br>Operating Hours: --<br>Service Phone: 03-321-1393<br>Service Hours: 週一至週六 11:00 - 21:00 週日 12:00 - 21:00<br>Address: 桃園市蘆竹區南崁路一段56號<br>Shop Icon: 0<br>Service Icon: 1<br>Handicapped icon: 0<br>Delivery: 0<br>lat: 25.051326<br>lng: 121.289097<br>Zip Code: 338<br>notification: ,,,,,"-1","0","-1",,,GSC,VC316B15,桃園市,--,--,03-321-1393,週一至週六 11:00 - 21:00 週日 12:00 - 21:00,桃園市蘆竹區南崁路一段56號,"0.0","1.0","0.0","0.0","25.051326","121.289097","338.0",
板橋萬板服務中心,Type: GSC<br>Key: LXC31606<br>City: 新北市<br>Store Phone: --<br>Operating Hours: --<br>Service Phone: 02-2255-9006<br>Service Hours: 週一至週日 12:00 - 21:00<br>Address: 新北市板橋區萬板路9號<br>Shop Icon: 0<br>Service Icon: 1<br>Handicapped icon: 0<br>Delivery: 0<br>lat: 25.020988<br>lng: 121.47039<br>Zip Code: 220<br>notification: ,,,,,"-1","0","-1",,,GSC,LXC31606,新北市,--,--,02-2255-9006,週一至週日 12:00 - 21:00,新北市板橋區萬板路9號,"0.0","1.0","0.0","0.0","25.020988","121.47039","220.0",
永康永大服務中心,Type: GSC<br>Key: EC316029<br>City: 台南市<br>Store Phone: --<br>Operating Hours: --<br>Service Phone: 06-205-8521<br>Service Hours: 週一至週日 12:00 - 21:00<br>Address: 台南市永康區永大路二段169號<br>Shop Icon: 0<br>Service Icon: 1<br>Handicapped icon: 0<br>Delivery: 0<br>lat: 23.006379<br>lng: 120.261371<br>Zip Code: 710<br>notification: ,,,,,"-1","0","-1",,,GSC,EC316029,台南市,--,--,06-205-8521,週一至週日 12:00 - 21:00,台南市永康區永大路二段169號,"0.0","1.0","0.0","0.0","23.006379","120.261371","710.0",
新莊中華服務中心,Type: GSC<br>Key: EC316019<br>City: 新北市<br>Store Phone: --<br>Operating Hours: --<br>Service Phone: 02-2996-6959<br>Service Hours: 週一至週六 12:00 - 21:00 週日公休<br>Address: 新北市新莊區中華路二段201號<br>Shop Icon: 0<br>Service Icon: 1<br>Handicapped icon: 0<br>Delivery: 0<br>lat: 25.052684<br>lng: 121.452239<br>Zip Code: 242<br>notification: ,,,,,"-1","0","-1",,,GSC,EC316019,新北市,--,--,02-2996-6959,週一至週六 12:00 - 21:00 週日公休,新北市新莊區中華路二段201號,"0.0","1.0","0.0","0.0","25.052684","121.452239","242.0",
台中公益門市,Type: AGS<br>Key: ES316006<br>City: 台中市<br>Store Phone: 04-2302-5288<br>Operating Hours: 週一至週日 12:00 - 21:00<br>Service Phone: 04-2302-5288<br>Service Hours: 週一至週日 12:00 - 21:00<br>Address: 台中市西區公益路201號<br>Shop Icon: 1<br>Service Icon: 1<br>Handicapped icon: 0<br>Delivery: 0<br>lat: 24.15066<br>lng: 120.66059<br>Zip Code: 403<br>notification: ,,,,,"-1","0","-1",,,AGS,ES316006,台中市,04-2302-5288,週一至週日 12:00 - 21:00,04-2302-5288,週一至週日 12:00 - 21:00,台中市西區公益路201號,"1.0","1.0","0.0","0.0","24.15066","120.66059","403.0",
大安潮州服務中心,Type: GSC<br>Key: EC316A28<br>City: 台北市<br>Store Phone: --<br>Operating Hours: --<br>Service Phone: 02-2358-1077<br>Service Hours: 週一至週日 12:00 - 21:00<br>Address: 台北市大安區潮州街94號<br>Shop Icon: 0<br>Service Icon: 1<br>Handicapped icon: 0<br>Delivery: 0<br>lat: 25.028981<br>lng: 121.524982<br>Zip Code: 106<br>notification: ,,,,,"-1","0","-1",,,GSC,EC316A28,台北市,--,--,02-2358-1077,週一至週日 12:00 - 21:00,台北市大安區潮州街94號,"0.0","1.0","0.0","0.0","25.028981","121.524982","106.0",
永和成功服務中心,Type: GSC<br>Key: NPCXC003<br>City: 新北市<br>Store Phone: --<br>Operating Hours: --<br>Service Phone: 02-8668-1191<br>Service Hours: 週一至週日 12:00 - 21:00<br>Address: 新北市永和區成功路2段144號<br>Shop Icon: 0<br>Service Icon: 1<br>Handicapped icon: 0<br>Delivery: 0<br>lat: 24.997133<br>lng: 121.526395<br>Zip Code: 234<br>notification: ,,,,,"-1","0","-1",,,GSC,NPCXC003,新北市,--,--,02-8668-1191,週一至週日 12:00 - 21:00,新北市永和區成功路2段144號,"0.0","1.0","0.0","0.0","24.997133","121.526395","234.0",
三重福德北門市,Type: AGS<br>Key: LXC31607<br>City: 新北市<br>Store Phone: 02-2979-2058<br>Operating Hours: 週一至週日 12:00 - 21:00<br>Service Phone: 02-2979-2058<br>Service Hours: 週一至週日 12:00 - 21:00<br>Address: 新北市三重區福德北路12號<br>Shop Icon: 1<br>Service Icon: 1<br>Handicapped icon: 0<br>Delivery: 0<br>lat: 25.064426<br>lng: 121.502162<br>Zip Code: 241<br>notification: ,,,,,"-1","0","-1",,,AGS,LXC31607,新北市,02-2979-2058,週一至週日 12:00 - 21:00,02-2979-2058,週一至週日 12:00 - 21:00,新北市三重區福德北路12號,"1.0","1.0","0.0","0.0","25.064426","121.502162","241.0",
大里中興門市,Type: GS<br>Key: ES313027<br>City: 台中市<br>Store Phone: 0938-939-060<br>Operating Hours: 週一至週日 11:00 - 21:00<br>Service Phone: 0981-686-199<br>Service Hours: 週一至週日 11:00 - 21:00<br>Address: 台中市大里區中興路二段93-2號<br>Shop Icon: 1<br>Service Icon: 1<br>Handicapped icon: 0<br>Delivery: 0<br>lat: 24.10267<br>lng: 120.68834<br>Zip Code: 412<br>notification: ,,,,,"-1","0","-1",,,GS,ES313027,台中市,0938-939-060,週一至週日 11:00 - 21:00,0981-686-199,週一至週日 11:00 - 21:00,台中市大里區中興路二段93-2號,"1.0","1.0","0.0","0.0","24.10267","120.68834","412.0",
屏東民族門市,Type: AGS<br>Key: PTS31611<br>City: 屏東縣<br>Store Phone: <br>Operating Hours: 週一至週日 12:00 - 21:00<br>Service Phone: <br>Service Hours: 週一至週日 12:00 - 21:00<br>Address: 屏東縣屏東市民族路104號<br>Shop Icon: 1<br>Service Icon: 1<br>Handicapped icon: 0<br>Delivery: 0<br>lat: 22.670597<br>lng: 120.485306<br>Zip Code: 900<br>notification: 即將開幕,,,,,"-1","0","-1",,,AGS,PTS31611,屏東縣,,週一至週日 12:00 - 21:00,,週一至週日 12:00 - 21:00,屏東縣屏東市民族路104號,"1.0","1.0","0.0","0.0","22.670597","120.485306","900.0",即將開幕
